-- phpMyAdmin SQL Dump
-- version 5.2.1
-- https://www.phpmyadmin.net/
--
-- Host: 127.0.0.1
-- Generation Time: Aug 12, 2024 at 04:41 PM
-- Server version: 10.4.28-MariaDB
-- PHP Version: 8.2.4

SET SQL_MODE = "NO_AUTO_VALUE_ON_ZERO";
START TRANSACTION;
SET time_zone = "+00:00";


/*!40101 SET @OLD_CHARACTER_SET_CLIENT=@@CHARACTER_SET_CLIENT */;
/*!40101 SET @OLD_CHARACTER_SET_RESULTS=@@CHARACTER_SET_RESULTS */;
/*!40101 SET @OLD_COLLATION_CONNECTION=@@COLLATION_CONNECTION */;
/*!40101 SET NAMES utf8mb4 */;

--
-- Database: `mgsr-nabua`
--

-- --------------------------------------------------------

--
-- Table structure for table `admins`
--

CREATE TABLE `admins` (
  `id` tinyint(3) UNSIGNED NOT NULL,
  `number` tinyint(3) UNSIGNED NOT NULL,
  `name` varchar(255) NOT NULL,
  `avatar` varchar(255) NOT NULL,
  `username` varchar(255) NOT NULL,
  `password` varchar(255) NOT NULL,
  `active_portion` varchar(255) DEFAULT NULL,
  `called_at` timestamp NULL DEFAULT NULL,
  `pinged_at` timestamp NULL DEFAULT NULL,
  `created_at` timestamp NOT NULL DEFAULT current_timestamp(),
  `updated_at` timestamp NOT NULL DEFAULT current_timestamp() ON UPDATE current_timestamp()
) ENGINE=InnoDB DEFAULT CHARSET=utf8mb4 COLLATE=utf8mb4_general_ci;

--
-- Dumping data for table `admins`
--

INSERT INTO `admins` (`id`, `number`, `name`, `avatar`, `username`, `password`, `active_portion`, `called_at`, `pinged_at`, `created_at`, `updated_at`) VALUES
(1, 1, 'DEVELOPMENT', 'no-avatar.jpg', 'admin', 'admin', NULL, NULL, NULL, '2023-02-19 07:36:32', '2023-05-28 03:58:25');

-- --------------------------------------------------------

--
-- Table structure for table `arrangements`
--

CREATE TABLE `arrangements` (
  `id` smallint(5) UNSIGNED NOT NULL,
  `event_id` smallint(5) UNSIGNED NOT NULL,
  `team_id` tinyint(3) UNSIGNED NOT NULL,
  `order` tinyint(3) UNSIGNED NOT NULL,
  `created_at` timestamp NOT NULL DEFAULT current_timestamp(),
  `updated_at` timestamp NOT NULL DEFAULT current_timestamp() ON UPDATE current_timestamp()
) ENGINE=InnoDB DEFAULT CHARSET=utf8mb4 COLLATE=utf8mb4_general_ci;

-- --------------------------------------------------------

--
-- Table structure for table `categories`
--

CREATE TABLE `categories` (
  `id` tinyint(3) UNSIGNED NOT NULL,
  `competition_id` tinyint(3) UNSIGNED NOT NULL,
  `slug` varchar(32) NOT NULL,
  `title` varchar(255) NOT NULL,
  `created_at` timestamp NOT NULL DEFAULT current_timestamp(),
  `updated_at` timestamp NOT NULL DEFAULT current_timestamp() ON UPDATE current_timestamp()
) ENGINE=InnoDB DEFAULT CHARSET=utf8mb4 COLLATE=utf8mb4_general_ci;

--
-- Dumping data for table `categories`
--

INSERT INTO `categories` (`id`, `competition_id`, `slug`, `title`, `created_at`, `updated_at`) VALUES
(1, 1, 'pageant-night', 'Pageant Night', '2023-04-06 13:25:10', '2023-04-06 13:25:10');

-- --------------------------------------------------------

--
-- Table structure for table `competitions`
--

CREATE TABLE `competitions` (
  `id` tinyint(3) UNSIGNED NOT NULL,
  `slug` varchar(32) NOT NULL,
  `title` varchar(255) NOT NULL,
  `created_at` timestamp NOT NULL DEFAULT current_timestamp(),
  `updated_at` timestamp NOT NULL DEFAULT current_timestamp() ON UPDATE current_timestamp()
) ENGINE=InnoDB DEFAULT CHARSET=utf8mb4 COLLATE=utf8mb4_general_ci;

--
-- Dumping data for table `competitions`
--

INSERT INTO `competitions` (`id`, `slug`, `title`, `created_at`, `updated_at`) VALUES
(1, 'mgsr-2024', 'Miss Gay San Roque 2024', '2023-04-06 13:24:04', '2024-08-12 06:44:53');

-- --------------------------------------------------------

--
-- Table structure for table `criteria`
--

CREATE TABLE `criteria` (
  `id` smallint(5) UNSIGNED NOT NULL,
  `event_id` smallint(5) UNSIGNED NOT NULL,
  `title` varchar(255) NOT NULL,
  `percentage` float UNSIGNED NOT NULL,
  `created_at` timestamp NOT NULL DEFAULT current_timestamp(),
  `updated_at` timestamp NOT NULL DEFAULT current_timestamp() ON UPDATE current_timestamp()
) ENGINE=InnoDB DEFAULT CHARSET=utf8mb4 COLLATE=utf8mb4_general_ci;

--
-- Dumping data for table `criteria`
--

INSERT INTO `criteria` (`id`, `event_id`, `title`, `percentage`, `created_at`, `updated_at`) VALUES
(1, 1, 'Mastery of Steps', 30, '2023-04-06 13:30:46', '2024-08-12 06:49:04'),
(2, 1, 'Beauty of Face', 30, '2023-04-06 13:30:54', '2024-08-12 06:49:31'),
(3, 1, 'Poise and Projection ', 20, '2023-04-06 13:31:05', '2024-08-12 06:49:56'),
(4, 1, 'Self-Introduction', 20, '2023-04-06 13:31:15', '2024-08-12 06:50:17'),
(5, 2, 'Elegance & Suitability', 30, '2023-04-06 13:31:43', '2024-08-12 06:50:41'),
(6, 2, 'Beauty of the Face', 30, '2023-04-06 13:31:54', '2024-08-12 06:50:56'),
(7, 2, 'Poise and Courage', 30, '2023-04-06 13:32:04', '2024-08-12 06:51:09'),
(8, 2, 'Overall Impact', 10, '2023-04-06 13:32:13', '2024-08-12 06:51:20'),
(9, 3, 'Beauty of the Face', 30, '2023-04-06 13:32:33', '2023-04-06 13:32:33'),
(10, 3, 'Body Figure', 40, '2023-04-06 13:32:45', '2024-08-12 06:52:00'),
(11, 3, 'Poise and Projection', 20, '2023-04-06 13:35:25', '2024-08-12 06:52:22'),
(12, 3, 'Overall Impact', 10, '2023-04-06 13:36:18', '2024-08-12 06:52:28'),
(13, 4, 'Beauty of the Face', 40, '2023-04-06 13:36:49', '2024-08-12 06:52:51'),
(14, 4, 'Content of the Answer', 40, '2023-04-06 13:37:01', '2024-08-12 06:53:09'),
(15, 4, 'Confidence and Delivery of Speech', 20, '2023-04-06 13:37:10', '2024-08-12 06:53:37'),
(17, 5, 'Elegance of the Attire', 30, '2023-04-06 13:37:34', '2024-08-12 06:54:06'),
(18, 5, 'Beauty of the Face', 30, '2023-04-06 13:37:45', '2023-04-06 13:37:45'),
(19, 5, 'Poise and Projection', 30, '2023-04-06 13:37:56', '2024-08-12 06:54:25'),
(20, 5, 'Overall Impact', 10, '2024-08-12 06:54:43', '2024-08-12 06:54:43'),
(21, 6, 'Delivery of Speech , Confidence & Intelligence', 50, '2024-08-12 06:57:18', '2024-08-12 06:57:38'),
(22, 6, 'Content of the Answer', 50, '2024-08-12 06:57:57', '2024-08-12 06:57:57');

-- --------------------------------------------------------

--
-- Table structure for table `deductions`
--

CREATE TABLE `deductions` (
  `id` mediumint(8) UNSIGNED NOT NULL,
  `technical_id` tinyint(3) UNSIGNED NOT NULL,
  `event_id` smallint(5) UNSIGNED NOT NULL,
  `team_id` tinyint(3) UNSIGNED NOT NULL,
  `value` float UNSIGNED NOT NULL DEFAULT 0,
  `is_locked` tinyint(1) NOT NULL DEFAULT 0,
  `created_at` timestamp NOT NULL DEFAULT current_timestamp(),
  `updated_at` timestamp NOT NULL DEFAULT current_timestamp() ON UPDATE current_timestamp()
) ENGINE=InnoDB DEFAULT CHARSET=utf8mb4 COLLATE=utf8mb4_general_ci;

-- --------------------------------------------------------

--
-- Table structure for table `eliminations`
--

CREATE TABLE `eliminations` (
  `id` mediumint(9) NOT NULL,
  `event_id` smallint(5) UNSIGNED NOT NULL,
  `team_id` tinyint(3) UNSIGNED NOT NULL,
  `created_at` timestamp NOT NULL DEFAULT current_timestamp(),
  `updated_at` timestamp NOT NULL DEFAULT current_timestamp() ON UPDATE current_timestamp()
) ENGINE=InnoDB DEFAULT CHARSET=utf8mb4 COLLATE=utf8mb4_general_ci;

--
-- Dumping data for table `eliminations`
--

INSERT INTO `eliminations` (`id`, `event_id`, `team_id`, `created_at`, `updated_at`) VALUES
(16, 6, 1, '2024-08-12 06:58:29', '2024-08-12 06:58:29'),
(17, 6, 2, '2024-08-12 06:58:30', '2024-08-12 06:58:30'),
(18, 6, 3, '2024-08-12 06:58:37', '2024-08-12 06:58:37'),
(19, 6, 4, '2024-08-12 06:58:38', '2024-08-12 06:58:38'),
(20, 6, 5, '2024-08-12 06:58:39', '2024-08-12 06:58:39'),
(21, 6, 6, '2024-08-12 06:58:40', '2024-08-12 06:58:40'),
(22, 6, 7, '2024-08-12 06:58:41', '2024-08-12 06:58:41'),
(23, 6, 8, '2024-08-12 06:58:43', '2024-08-12 06:58:43'),
(24, 6, 9, '2024-08-12 06:58:44', '2024-08-12 06:58:44'),
(25, 6, 10, '2024-08-12 06:58:45', '2024-08-12 06:58:45'),
(26, 6, 11, '2024-08-12 06:58:46', '2024-08-12 06:58:46'),
(27, 6, 12, '2024-08-12 06:58:46', '2024-08-12 06:58:46'),
(28, 6, 13, '2024-08-12 06:58:49', '2024-08-12 06:58:49');

-- --------------------------------------------------------

--
-- Table structure for table `events`
--

CREATE TABLE `events` (
  `id` smallint(5) UNSIGNED NOT NULL,
  `category_id` tinyint(3) UNSIGNED NOT NULL,
  `slug` varchar(32) NOT NULL,
  `title` varchar(255) NOT NULL,
  `created_at` timestamp NOT NULL DEFAULT current_timestamp(),
  `updated_at` timestamp NOT NULL DEFAULT current_timestamp() ON UPDATE current_timestamp()
) ENGINE=InnoDB DEFAULT CHARSET=utf8mb4 COLLATE=utf8mb4_general_ci;

--
-- Dumping data for table `events`
--

INSERT INTO `events` (`id`, `category_id`, `slug`, `title`, `created_at`, `updated_at`) VALUES
(1, 1, 'production-number', 'Production Number', '2023-04-06 13:25:37', '2024-08-12 06:45:36'),
(2, 1, 'production-attire', 'Production Attire', '2023-04-06 13:26:05', '2024-08-12 06:46:13'),
(3, 1, 'swimsuit', 'Swimsuit', '2023-04-06 13:26:30', '2024-08-12 06:46:38'),
(4, 1, 'preliminary-qa', 'Preliminary Q & A', '2023-04-06 13:29:04', '2024-08-12 06:47:05'),
(5, 1, 'long-gown', 'Long Gown', '2023-04-06 13:29:53', '2024-08-12 06:47:34'),
(6, 1, 'final-qa', 'Final Q & A', '2024-08-12 06:56:34', '2024-08-12 06:56:34');

-- --------------------------------------------------------

--
-- Table structure for table `judges`
--

CREATE TABLE `judges` (
  `id` tinyint(3) UNSIGNED NOT NULL,
  `number` tinyint(3) UNSIGNED NOT NULL,
  `name` varchar(255) NOT NULL,
  `avatar` varchar(255) DEFAULT NULL,
  `username` varchar(255) NOT NULL,
  `password` varchar(255) NOT NULL,
  `active_portion` varchar(255) DEFAULT NULL,
  `called_at` timestamp NULL DEFAULT NULL,
  `pinged_at` timestamp NULL DEFAULT NULL,
  `created_at` timestamp NOT NULL DEFAULT current_timestamp(),
  `updated_at` timestamp NOT NULL DEFAULT current_timestamp() ON UPDATE current_timestamp()
) ENGINE=InnoDB DEFAULT CHARSET=utf8mb4 COLLATE=utf8mb4_general_ci;

--
-- Dumping data for table `judges`
--

INSERT INTO `judges` (`id`, `number`, `name`, `avatar`, `username`, `password`, `active_portion`, `called_at`, `pinged_at`, `created_at`, `updated_at`) VALUES
(1, 1, 'Judge 01', 'no-avatar.jpg', 'judge01', 'judge01', NULL, NULL, NULL, '2023-04-06 13:58:11', '2023-04-06 13:58:11'),
(2, 2, 'Judge 02', 'no-avatar.jpg', 'judge02', 'judge02', NULL, NULL, NULL, '2023-04-06 13:58:28', '2023-04-06 13:58:28'),
(3, 3, 'Judge 03', 'no-avatar.jpg', 'judge03', 'judge03', NULL, NULL, NULL, '2023-04-06 13:58:42', '2023-04-06 13:58:42'),
(4, 4, 'Judge 04', 'no-avatar.jpg', 'judge04', 'judge04', NULL, NULL, NULL, '2023-04-06 13:59:26', '2023-04-06 13:59:26'),
(5, 5, 'Judge 05', 'no-avatar.jpg', 'judge05', 'judge05', NULL, NULL, NULL, '2023-04-06 14:00:00', '2023-04-06 14:00:00'),
(6, 6, 'Judge 06', 'no-avatar.jpg', 'judge06', 'judge06', NULL, NULL, NULL, '2024-08-12 07:06:19', '2024-08-12 07:06:19'),
(7, 7, 'Judge 07', 'no-avatar.jpg', 'judge07', 'judge07', NULL, NULL, NULL, '2024-08-12 07:06:43', '2024-08-12 07:06:43');

-- --------------------------------------------------------

--
-- Table structure for table `judge_event`
--

CREATE TABLE `judge_event` (
  `id` tinyint(3) UNSIGNED NOT NULL,
  `judge_id` tinyint(3) UNSIGNED NOT NULL,
  `event_id` smallint(5) UNSIGNED NOT NULL,
  `is_chairman` tinyint(1) NOT NULL DEFAULT 0,
  `active_team_id` tinyint(3) UNSIGNED NOT NULL,
  `has_active_team` tinyint(1) NOT NULL DEFAULT 0,
  `created_at` timestamp NOT NULL DEFAULT current_timestamp(),
  `updated_at` timestamp NOT NULL DEFAULT current_timestamp() ON UPDATE current_timestamp()
) ENGINE=InnoDB DEFAULT CHARSET=utf8mb4 COLLATE=utf8mb4_general_ci;

--
-- Dumping data for table `judge_event`
--

INSERT INTO `judge_event` (`id`, `judge_id`, `event_id`, `is_chairman`, `active_team_id`, `has_active_team`, `created_at`, `updated_at`) VALUES
(1, 1, 1, 0, 1, 0, '2023-04-06 14:00:46', '2024-04-22 10:21:17'),
(2, 1, 2, 0, 1, 0, '2023-04-06 14:00:48', '2024-04-22 10:21:17'),
(3, 1, 3, 0, 1, 0, '2023-04-06 14:00:51', '2024-04-22 10:21:17'),
(4, 1, 4, 0, 1, 0, '2023-04-06 14:00:53', '2024-04-22 10:21:17'),
(5, 1, 5, 0, 1, 0, '2023-04-06 14:00:55', '2024-04-22 10:21:17'),
(6, 2, 1, 0, 1, 0, '2023-04-06 14:01:01', '2024-04-22 10:21:17'),
(7, 2, 2, 0, 1, 0, '2023-04-06 14:01:03', '2024-04-22 10:21:17'),
(8, 2, 3, 0, 1, 0, '2023-04-06 14:01:06', '2024-04-22 10:21:17'),
(9, 2, 4, 0, 1, 0, '2023-04-06 14:01:08', '2024-04-22 10:21:17'),
(10, 2, 5, 0, 1, 0, '2023-04-06 14:01:10', '2024-04-22 10:21:17'),
(11, 3, 1, 0, 1, 0, '2023-04-06 14:01:14', '2024-04-22 10:21:17'),
(12, 3, 2, 0, 1, 0, '2023-04-06 14:01:16', '2024-04-22 10:21:17'),
(13, 3, 3, 0, 1, 0, '2023-04-06 14:01:19', '2024-04-22 10:21:17'),
(14, 3, 4, 0, 1, 0, '2023-04-06 14:01:21', '2024-04-22 10:21:17'),
(15, 3, 5, 0, 1, 0, '2023-04-06 14:01:23', '2024-04-22 10:21:17'),
(16, 4, 1, 0, 1, 0, '2023-04-06 14:01:28', '2024-04-22 10:21:17'),
(17, 4, 2, 0, 1, 0, '2023-04-06 14:01:30', '2024-04-22 10:21:17'),
(18, 4, 3, 0, 1, 0, '2023-04-06 14:01:33', '2024-04-22 10:21:17'),
(19, 4, 4, 0, 1, 0, '2023-04-06 14:01:36', '2024-04-22 10:21:17'),
(20, 4, 5, 0, 1, 0, '2023-04-06 14:01:38', '2024-04-22 10:21:17'),
(21, 5, 1, 0, 1, 0, '2023-04-06 14:01:42', '2024-04-22 10:21:17'),
(22, 5, 2, 0, 1, 0, '2023-04-06 14:01:45', '2024-04-22 10:21:17'),
(23, 5, 3, 0, 1, 0, '2023-04-06 14:01:47', '2024-04-22 10:21:17'),
(24, 5, 4, 0, 1, 0, '2023-04-06 14:01:49', '2024-04-22 10:21:17'),
(25, 5, 5, 0, 1, 0, '2023-04-06 14:01:52', '2024-04-22 10:21:17'),
(26, 1, 6, 0, 1, 0, '2024-08-12 07:16:58', '2024-08-12 07:16:58'),
(27, 2, 6, 0, 1, 0, '2024-08-12 07:17:06', '2024-08-12 07:17:06'),
(28, 3, 6, 0, 1, 0, '2024-08-12 07:17:15', '2024-08-12 07:17:15'),
(29, 4, 6, 0, 1, 0, '2024-08-12 07:17:25', '2024-08-12 07:17:25'),
(30, 5, 6, 0, 1, 0, '2024-08-12 07:17:38', '2024-08-12 07:17:38'),
(31, 6, 1, 0, 1, 0, '2024-08-12 07:17:50', '2024-08-12 07:17:50'),
(32, 6, 2, 0, 1, 0, '2024-08-12 07:17:56', '2024-08-12 07:17:56'),
(33, 6, 3, 0, 1, 0, '2024-08-12 07:18:01', '2024-08-12 07:18:01'),
(34, 6, 4, 0, 1, 0, '2024-08-12 07:18:07', '2024-08-12 07:18:07'),
(35, 6, 5, 0, 1, 0, '2024-08-12 07:18:12', '2024-08-12 07:18:12'),
(36, 6, 6, 0, 1, 0, '2024-08-12 07:18:17', '2024-08-12 07:18:17'),
(37, 7, 1, 0, 1, 0, '2024-08-12 07:18:27', '2024-08-12 07:18:27'),
(38, 7, 2, 0, 1, 0, '2024-08-12 07:18:43', '2024-08-12 07:18:43'),
(39, 7, 3, 0, 1, 0, '2024-08-12 07:18:48', '2024-08-12 07:18:48'),
(40, 7, 4, 0, 1, 0, '2024-08-12 07:18:54', '2024-08-12 07:18:54'),
(41, 7, 5, 0, 1, 0, '2024-08-12 07:19:00', '2024-08-12 07:19:00'),
(42, 7, 6, 0, 1, 0, '2024-08-12 07:19:06', '2024-08-12 07:19:06');

-- --------------------------------------------------------

--
-- Table structure for table `noshows`
--

CREATE TABLE `noshows` (
  `id` smallint(5) UNSIGNED NOT NULL,
  `event_id` smallint(5) UNSIGNED NOT NULL,
  `team_id` tinyint(3) UNSIGNED NOT NULL,
  `created_at` timestamp NOT NULL DEFAULT current_timestamp(),
  `updated_at` timestamp NOT NULL DEFAULT current_timestamp() ON UPDATE current_timestamp()
) ENGINE=InnoDB DEFAULT CHARSET=utf8mb4 COLLATE=utf8mb4_general_ci;

-- --------------------------------------------------------

--
-- Table structure for table `participants`
--

CREATE TABLE `participants` (
  `id` smallint(5) UNSIGNED NOT NULL,
  `team_id` tinyint(3) UNSIGNED NOT NULL,
  `event_id` smallint(5) UNSIGNED NOT NULL,
  `number` smallint(5) UNSIGNED NOT NULL,
  `first_name` varchar(255) NOT NULL,
  `middle_name` varchar(255) DEFAULT NULL,
  `last_name` varchar(255) NOT NULL,
  `gender` enum('male','female') NOT NULL,
  `avatar` varchar(255) DEFAULT NULL,
  `created_at` timestamp NOT NULL DEFAULT current_timestamp(),
  `updated_at` timestamp NOT NULL DEFAULT current_timestamp() ON UPDATE current_timestamp()
) ENGINE=InnoDB DEFAULT CHARSET=utf8mb4 COLLATE=utf8mb4_general_ci;

-- --------------------------------------------------------

--
-- Table structure for table `points`
--

CREATE TABLE `points` (
  `id` smallint(5) UNSIGNED NOT NULL,
  `event_id` smallint(5) UNSIGNED NOT NULL,
  `rank` tinyint(3) UNSIGNED NOT NULL,
  `value` float UNSIGNED NOT NULL,
  `created_at` timestamp NOT NULL DEFAULT current_timestamp(),
  `updated_at` timestamp NOT NULL DEFAULT current_timestamp() ON UPDATE current_timestamp()
) ENGINE=InnoDB DEFAULT CHARSET=utf8mb4 COLLATE=utf8mb4_general_ci;

-- --------------------------------------------------------

--
-- Table structure for table `ratings`
--

CREATE TABLE `ratings` (
  `id` mediumint(8) UNSIGNED NOT NULL,
  `judge_id` tinyint(3) UNSIGNED NOT NULL,
  `criteria_id` smallint(5) UNSIGNED NOT NULL,
  `team_id` tinyint(3) UNSIGNED NOT NULL,
  `value` float UNSIGNED NOT NULL DEFAULT 0,
  `is_locked` tinyint(1) NOT NULL DEFAULT 0,
  `created_at` timestamp NOT NULL DEFAULT current_timestamp(),
  `updated_at` timestamp NOT NULL DEFAULT current_timestamp() ON UPDATE current_timestamp()
) ENGINE=InnoDB DEFAULT CHARSET=utf8mb4 COLLATE=utf8mb4_general_ci;

--
-- Dumping data for table `ratings`
--

INSERT INTO `ratings` (`id`, `judge_id`, `criteria_id`, `team_id`, `value`, `is_locked`, `created_at`, `updated_at`) VALUES
(1, 1, 1, 1, 0, 0, '2024-08-12 05:35:31', '2024-08-12 05:35:31'),
(2, 1, 2, 1, 0, 0, '2024-08-12 05:35:31', '2024-08-12 05:35:31'),
(3, 1, 3, 1, 0, 0, '2024-08-12 05:35:31', '2024-08-12 05:35:31'),
(4, 1, 4, 1, 0, 0, '2024-08-12 05:35:31', '2024-08-12 05:35:31'),
(5, 1, 1, 2, 0, 0, '2024-08-12 05:35:31', '2024-08-12 05:35:31'),
(6, 1, 2, 2, 0, 0, '2024-08-12 05:35:31', '2024-08-12 05:35:31'),
(7, 1, 3, 2, 0, 0, '2024-08-12 05:35:31', '2024-08-12 05:35:31'),
(8, 1, 4, 2, 0, 0, '2024-08-12 05:35:31', '2024-08-12 05:35:31'),
(9, 1, 1, 3, 0, 0, '2024-08-12 05:35:31', '2024-08-12 05:35:31'),
(10, 1, 2, 3, 0, 0, '2024-08-12 05:35:31', '2024-08-12 05:35:31'),
(11, 1, 3, 3, 0, 0, '2024-08-12 05:35:31', '2024-08-12 05:35:31'),
(12, 1, 4, 3, 0, 0, '2024-08-12 05:35:31', '2024-08-12 05:35:31'),
(13, 1, 1, 4, 0, 0, '2024-08-12 05:35:31', '2024-08-12 05:35:31'),
(14, 1, 2, 4, 0, 0, '2024-08-12 05:35:31', '2024-08-12 05:35:31'),
(15, 1, 3, 4, 0, 0, '2024-08-12 05:35:31', '2024-08-12 05:35:31'),
(16, 1, 4, 4, 0, 0, '2024-08-12 05:35:31', '2024-08-12 05:35:31'),
(17, 1, 1, 5, 0, 0, '2024-08-12 05:35:31', '2024-08-12 05:35:31'),
(18, 1, 2, 5, 0, 0, '2024-08-12 05:35:31', '2024-08-12 05:35:31'),
(19, 1, 3, 5, 0, 0, '2024-08-12 05:35:31', '2024-08-12 05:35:31'),
(20, 1, 4, 5, 0, 0, '2024-08-12 05:35:31', '2024-08-12 05:35:31'),
(21, 1, 1, 6, 0, 0, '2024-08-12 05:35:31', '2024-08-12 05:35:31'),
(22, 1, 2, 6, 0, 0, '2024-08-12 05:35:31', '2024-08-12 05:35:31'),
(23, 1, 3, 6, 0, 0, '2024-08-12 05:35:31', '2024-08-12 05:35:31'),
(24, 1, 4, 6, 0, 0, '2024-08-12 05:35:31', '2024-08-12 05:35:31'),
(25, 1, 1, 7, 0, 0, '2024-08-12 05:35:31', '2024-08-12 05:35:31'),
(26, 1, 2, 7, 0, 0, '2024-08-12 05:35:31', '2024-08-12 05:35:31'),
(27, 1, 3, 7, 0, 0, '2024-08-12 05:35:31', '2024-08-12 05:35:31'),
(28, 1, 4, 7, 0, 0, '2024-08-12 05:35:31', '2024-08-12 05:35:31'),
(29, 1, 1, 8, 0, 0, '2024-08-12 05:35:31', '2024-08-12 05:35:31'),
(30, 1, 2, 8, 0, 0, '2024-08-12 05:35:31', '2024-08-12 05:35:31'),
(31, 1, 3, 8, 0, 0, '2024-08-12 05:35:31', '2024-08-12 05:35:31'),
(32, 1, 4, 8, 0, 0, '2024-08-12 05:35:31', '2024-08-12 05:35:31'),
(33, 1, 1, 9, 0, 0, '2024-08-12 05:35:31', '2024-08-12 05:35:31'),
(34, 1, 2, 9, 0, 0, '2024-08-12 05:35:31', '2024-08-12 05:35:31'),
(35, 1, 3, 9, 0, 0, '2024-08-12 05:35:31', '2024-08-12 05:35:31'),
(36, 1, 4, 9, 0, 0, '2024-08-12 05:35:31', '2024-08-12 05:35:31'),
(37, 1, 1, 10, 0, 0, '2024-08-12 05:35:31', '2024-08-12 05:35:31'),
(38, 1, 2, 10, 0, 0, '2024-08-12 05:35:31', '2024-08-12 05:35:31'),
(39, 1, 3, 10, 0, 0, '2024-08-12 05:35:31', '2024-08-12 05:35:31'),
(40, 1, 4, 10, 0, 0, '2024-08-12 05:35:31', '2024-08-12 05:35:31'),
(41, 1, 1, 11, 0, 0, '2024-08-12 05:35:31', '2024-08-12 05:35:31'),
(42, 1, 2, 11, 0, 0, '2024-08-12 05:35:32', '2024-08-12 05:35:32'),
(43, 1, 3, 11, 0, 0, '2024-08-12 05:35:32', '2024-08-12 05:35:32'),
(44, 1, 4, 11, 0, 0, '2024-08-12 05:35:32', '2024-08-12 05:35:32'),
(45, 1, 1, 12, 0, 0, '2024-08-12 05:35:32', '2024-08-12 05:35:32'),
(46, 1, 2, 12, 0, 0, '2024-08-12 05:35:32', '2024-08-12 05:35:32'),
(47, 1, 3, 12, 0, 0, '2024-08-12 05:35:32', '2024-08-12 05:35:32'),
(48, 1, 4, 12, 0, 0, '2024-08-12 05:35:32', '2024-08-12 05:35:32'),
(49, 2, 1, 1, 0, 0, '2024-08-12 05:35:32', '2024-08-12 05:35:32'),
(50, 2, 2, 1, 0, 0, '2024-08-12 05:35:32', '2024-08-12 05:35:32'),
(51, 2, 3, 1, 0, 0, '2024-08-12 05:35:32', '2024-08-12 05:35:32'),
(52, 2, 4, 1, 0, 0, '2024-08-12 05:35:32', '2024-08-12 05:35:32'),
(53, 2, 1, 2, 0, 0, '2024-08-12 05:35:32', '2024-08-12 05:35:32'),
(54, 2, 2, 2, 0, 0, '2024-08-12 05:35:32', '2024-08-12 05:35:32'),
(55, 2, 3, 2, 0, 0, '2024-08-12 05:35:32', '2024-08-12 05:35:32'),
(56, 2, 4, 2, 0, 0, '2024-08-12 05:35:32', '2024-08-12 05:35:32'),
(57, 2, 1, 3, 0, 0, '2024-08-12 05:35:32', '2024-08-12 05:35:32'),
(58, 2, 2, 3, 0, 0, '2024-08-12 05:35:32', '2024-08-12 05:35:32'),
(59, 2, 3, 3, 0, 0, '2024-08-12 05:35:32', '2024-08-12 05:35:32'),
(60, 2, 4, 3, 0, 0, '2024-08-12 05:35:32', '2024-08-12 05:35:32'),
(61, 2, 1, 4, 0, 0, '2024-08-12 05:35:32', '2024-08-12 05:35:32'),
(62, 2, 2, 4, 0, 0, '2024-08-12 05:35:32', '2024-08-12 05:35:32'),
(63, 2, 3, 4, 0, 0, '2024-08-12 05:35:32', '2024-08-12 05:35:32'),
(64, 2, 4, 4, 0, 0, '2024-08-12 05:35:32', '2024-08-12 05:35:32'),
(65, 2, 1, 5, 0, 0, '2024-08-12 05:35:32', '2024-08-12 05:35:32'),
(66, 2, 2, 5, 0, 0, '2024-08-12 05:35:32', '2024-08-12 05:35:32'),
(67, 2, 3, 5, 0, 0, '2024-08-12 05:35:32', '2024-08-12 05:35:32'),
(68, 2, 4, 5, 0, 0, '2024-08-12 05:35:32', '2024-08-12 05:35:32'),
(69, 2, 1, 6, 0, 0, '2024-08-12 05:35:32', '2024-08-12 05:35:32'),
(70, 2, 2, 6, 0, 0, '2024-08-12 05:35:32', '2024-08-12 05:35:32'),
(71, 2, 3, 6, 0, 0, '2024-08-12 05:35:32', '2024-08-12 05:35:32'),
(72, 2, 4, 6, 0, 0, '2024-08-12 05:35:32', '2024-08-12 05:35:32'),
(73, 2, 1, 7, 0, 0, '2024-08-12 05:35:32', '2024-08-12 05:35:32'),
(74, 2, 2, 7, 0, 0, '2024-08-12 05:35:32', '2024-08-12 05:35:32'),
(75, 2, 3, 7, 0, 0, '2024-08-12 05:35:32', '2024-08-12 05:35:32'),
(76, 2, 4, 7, 0, 0, '2024-08-12 05:35:32', '2024-08-12 05:35:32'),
(77, 2, 1, 8, 0, 0, '2024-08-12 05:35:32', '2024-08-12 05:35:32'),
(78, 2, 2, 8, 0, 0, '2024-08-12 05:35:32', '2024-08-12 05:35:32'),
(79, 2, 3, 8, 0, 0, '2024-08-12 05:35:32', '2024-08-12 05:35:32'),
(80, 2, 4, 8, 0, 0, '2024-08-12 05:35:32', '2024-08-12 05:35:32'),
(81, 2, 1, 9, 0, 0, '2024-08-12 05:35:32', '2024-08-12 05:35:32'),
(82, 2, 2, 9, 0, 0, '2024-08-12 05:35:32', '2024-08-12 05:35:32'),
(83, 2, 3, 9, 0, 0, '2024-08-12 05:35:32', '2024-08-12 05:35:32'),
(84, 2, 4, 9, 0, 0, '2024-08-12 05:35:32', '2024-08-12 05:35:32'),
(85, 2, 1, 10, 0, 0, '2024-08-12 05:35:32', '2024-08-12 05:35:32'),
(86, 2, 2, 10, 0, 0, '2024-08-12 05:35:32', '2024-08-12 05:35:32'),
(87, 2, 3, 10, 0, 0, '2024-08-12 05:35:32', '2024-08-12 05:35:32'),
(88, 2, 4, 10, 0, 0, '2024-08-12 05:35:32', '2024-08-12 05:35:32'),
(89, 2, 1, 11, 0, 0, '2024-08-12 05:35:32', '2024-08-12 05:35:32'),
(90, 2, 2, 11, 0, 0, '2024-08-12 05:35:32', '2024-08-12 05:35:32'),
(91, 2, 3, 11, 0, 0, '2024-08-12 05:35:32', '2024-08-12 05:35:32'),
(92, 2, 4, 11, 0, 0, '2024-08-12 05:35:32', '2024-08-12 05:35:32'),
(93, 2, 1, 12, 0, 0, '2024-08-12 05:35:32', '2024-08-12 05:35:32'),
(94, 2, 2, 12, 0, 0, '2024-08-12 05:35:32', '2024-08-12 05:35:32'),
(95, 2, 3, 12, 0, 0, '2024-08-12 05:35:32', '2024-08-12 05:35:32'),
(96, 2, 4, 12, 0, 0, '2024-08-12 05:35:32', '2024-08-12 05:35:32'),
(97, 3, 1, 1, 0, 0, '2024-08-12 05:35:32', '2024-08-12 05:35:32'),
(98, 3, 2, 1, 0, 0, '2024-08-12 05:35:32', '2024-08-12 05:35:32'),
(99, 3, 3, 1, 0, 0, '2024-08-12 05:35:32', '2024-08-12 05:35:32'),
(100, 3, 4, 1, 0, 0, '2024-08-12 05:35:32', '2024-08-12 05:35:32'),
(101, 3, 1, 2, 0, 0, '2024-08-12 05:35:32', '2024-08-12 05:35:32'),
(102, 3, 2, 2, 0, 0, '2024-08-12 05:35:32', '2024-08-12 05:35:32'),
(103, 3, 3, 2, 0, 0, '2024-08-12 05:35:32', '2024-08-12 05:35:32'),
(104, 3, 4, 2, 0, 0, '2024-08-12 05:35:32', '2024-08-12 05:35:32'),
(105, 3, 1, 3, 0, 0, '2024-08-12 05:35:32', '2024-08-12 05:35:32'),
(106, 3, 2, 3, 0, 0, '2024-08-12 05:35:32', '2024-08-12 05:35:32'),
(107, 3, 3, 3, 0, 0, '2024-08-12 05:35:32', '2024-08-12 05:35:32'),
(108, 3, 4, 3, 0, 0, '2024-08-12 05:35:32', '2024-08-12 05:35:32'),
(109, 3, 1, 4, 0, 0, '2024-08-12 05:35:32', '2024-08-12 05:35:32'),
(110, 3, 2, 4, 0, 0, '2024-08-12 05:35:32', '2024-08-12 05:35:32'),
(111, 3, 3, 4, 0, 0, '2024-08-12 05:35:32', '2024-08-12 05:35:32'),
(112, 3, 4, 4, 0, 0, '2024-08-12 05:35:32', '2024-08-12 05:35:32'),
(113, 3, 1, 5, 0, 0, '2024-08-12 05:35:32', '2024-08-12 05:35:32'),
(114, 3, 2, 5, 0, 0, '2024-08-12 05:35:32', '2024-08-12 05:35:32'),
(115, 3, 3, 5, 0, 0, '2024-08-12 05:35:32', '2024-08-12 05:35:32'),
(116, 3, 4, 5, 0, 0, '2024-08-12 05:35:32', '2024-08-12 05:35:32'),
(117, 3, 1, 6, 0, 0, '2024-08-12 05:35:32', '2024-08-12 05:35:32'),
(118, 3, 2, 6, 0, 0, '2024-08-12 05:35:32', '2024-08-12 05:35:32'),
(119, 3, 3, 6, 0, 0, '2024-08-12 05:35:32', '2024-08-12 05:35:32'),
(120, 3, 4, 6, 0, 0, '2024-08-12 05:35:32', '2024-08-12 05:35:32'),
(121, 3, 1, 7, 0, 0, '2024-08-12 05:35:32', '2024-08-12 05:35:32'),
(122, 3, 2, 7, 0, 0, '2024-08-12 05:35:32', '2024-08-12 05:35:32'),
(123, 3, 3, 7, 0, 0, '2024-08-12 05:35:32', '2024-08-12 05:35:32'),
(124, 3, 4, 7, 0, 0, '2024-08-12 05:35:32', '2024-08-12 05:35:32'),
(125, 3, 1, 8, 0, 0, '2024-08-12 05:35:32', '2024-08-12 05:35:32'),
(126, 3, 2, 8, 0, 0, '2024-08-12 05:35:32', '2024-08-12 05:35:32'),
(127, 3, 3, 8, 0, 0, '2024-08-12 05:35:32', '2024-08-12 05:35:32'),
(128, 3, 4, 8, 0, 0, '2024-08-12 05:35:32', '2024-08-12 05:35:32'),
(129, 3, 1, 9, 0, 0, '2024-08-12 05:35:32', '2024-08-12 05:35:32'),
(130, 3, 2, 9, 0, 0, '2024-08-12 05:35:33', '2024-08-12 05:35:33'),
(131, 3, 3, 9, 0, 0, '2024-08-12 05:35:33', '2024-08-12 05:35:33'),
(132, 3, 4, 9, 0, 0, '2024-08-12 05:35:33', '2024-08-12 05:35:33'),
(133, 3, 1, 10, 0, 0, '2024-08-12 05:35:33', '2024-08-12 05:35:33'),
(134, 3, 2, 10, 0, 0, '2024-08-12 05:35:33', '2024-08-12 05:35:33'),
(135, 3, 3, 10, 0, 0, '2024-08-12 05:35:33', '2024-08-12 05:35:33'),
(136, 3, 4, 10, 0, 0, '2024-08-12 05:35:33', '2024-08-12 05:35:33'),
(137, 3, 1, 11, 0, 0, '2024-08-12 05:35:33', '2024-08-12 05:35:33'),
(138, 3, 2, 11, 0, 0, '2024-08-12 05:35:33', '2024-08-12 05:35:33'),
(139, 3, 3, 11, 0, 0, '2024-08-12 05:35:33', '2024-08-12 05:35:33'),
(140, 3, 4, 11, 0, 0, '2024-08-12 05:35:33', '2024-08-12 05:35:33'),
(141, 3, 1, 12, 0, 0, '2024-08-12 05:35:33', '2024-08-12 05:35:33'),
(142, 3, 2, 12, 0, 0, '2024-08-12 05:35:33', '2024-08-12 05:35:33'),
(143, 3, 3, 12, 0, 0, '2024-08-12 05:35:33', '2024-08-12 05:35:33'),
(144, 3, 4, 12, 0, 0, '2024-08-12 05:35:33', '2024-08-12 05:35:33'),
(145, 4, 1, 1, 0, 0, '2024-08-12 05:35:33', '2024-08-12 05:35:33'),
(146, 4, 2, 1, 0, 0, '2024-08-12 05:35:33', '2024-08-12 05:35:33'),
(147, 4, 3, 1, 0, 0, '2024-08-12 05:35:33', '2024-08-12 05:35:33'),
(148, 4, 4, 1, 0, 0, '2024-08-12 05:35:33', '2024-08-12 05:35:33'),
(149, 4, 1, 2, 0, 0, '2024-08-12 05:35:33', '2024-08-12 05:35:33'),
(150, 4, 2, 2, 0, 0, '2024-08-12 05:35:33', '2024-08-12 05:35:33'),
(151, 4, 3, 2, 0, 0, '2024-08-12 05:35:33', '2024-08-12 05:35:33'),
(152, 4, 4, 2, 0, 0, '2024-08-12 05:35:33', '2024-08-12 05:35:33'),
(153, 4, 1, 3, 0, 0, '2024-08-12 05:35:33', '2024-08-12 05:35:33'),
(154, 4, 2, 3, 0, 0, '2024-08-12 05:35:33', '2024-08-12 05:35:33'),
(155, 4, 3, 3, 0, 0, '2024-08-12 05:35:33', '2024-08-12 05:35:33'),
(156, 4, 4, 3, 0, 0, '2024-08-12 05:35:33', '2024-08-12 05:35:33'),
(157, 4, 1, 4, 0, 0, '2024-08-12 05:35:33', '2024-08-12 05:35:33'),
(158, 4, 2, 4, 0, 0, '2024-08-12 05:35:33', '2024-08-12 05:35:33'),
(159, 4, 3, 4, 0, 0, '2024-08-12 05:35:33', '2024-08-12 05:35:33'),
(160, 4, 4, 4, 0, 0, '2024-08-12 05:35:33', '2024-08-12 05:35:33'),
(161, 4, 1, 5, 0, 0, '2024-08-12 05:35:33', '2024-08-12 05:35:33'),
(162, 4, 2, 5, 0, 0, '2024-08-12 05:35:33', '2024-08-12 05:35:33'),
(163, 4, 3, 5, 0, 0, '2024-08-12 05:35:33', '2024-08-12 05:35:33'),
(164, 4, 4, 5, 0, 0, '2024-08-12 05:35:33', '2024-08-12 05:35:33'),
(165, 4, 1, 6, 0, 0, '2024-08-12 05:35:33', '2024-08-12 05:35:33'),
(166, 4, 2, 6, 0, 0, '2024-08-12 05:35:33', '2024-08-12 05:35:33'),
(167, 4, 3, 6, 0, 0, '2024-08-12 05:35:33', '2024-08-12 05:35:33'),
(168, 4, 4, 6, 0, 0, '2024-08-12 05:35:33', '2024-08-12 05:35:33'),
(169, 4, 1, 7, 0, 0, '2024-08-12 05:35:33', '2024-08-12 05:35:33'),
(170, 4, 2, 7, 0, 0, '2024-08-12 05:35:33', '2024-08-12 05:35:33'),
(171, 4, 3, 7, 0, 0, '2024-08-12 05:35:33', '2024-08-12 05:35:33'),
(172, 4, 4, 7, 0, 0, '2024-08-12 05:35:33', '2024-08-12 05:35:33'),
(173, 4, 1, 8, 0, 0, '2024-08-12 05:35:33', '2024-08-12 05:35:33'),
(174, 4, 2, 8, 0, 0, '2024-08-12 05:35:33', '2024-08-12 05:35:33'),
(175, 4, 3, 8, 0, 0, '2024-08-12 05:35:33', '2024-08-12 05:35:33'),
(176, 4, 4, 8, 0, 0, '2024-08-12 05:35:33', '2024-08-12 05:35:33'),
(177, 4, 1, 9, 0, 0, '2024-08-12 05:35:33', '2024-08-12 05:35:33'),
(178, 4, 2, 9, 0, 0, '2024-08-12 05:35:33', '2024-08-12 05:35:33'),
(179, 4, 3, 9, 0, 0, '2024-08-12 05:35:33', '2024-08-12 05:35:33'),
(180, 4, 4, 9, 0, 0, '2024-08-12 05:35:33', '2024-08-12 05:35:33'),
(181, 4, 1, 10, 0, 0, '2024-08-12 05:35:33', '2024-08-12 05:35:33'),
(182, 4, 2, 10, 0, 0, '2024-08-12 05:35:33', '2024-08-12 05:35:33'),
(183, 4, 3, 10, 0, 0, '2024-08-12 05:35:33', '2024-08-12 05:35:33'),
(184, 4, 4, 10, 0, 0, '2024-08-12 05:35:33', '2024-08-12 05:35:33'),
(185, 4, 1, 11, 0, 0, '2024-08-12 05:35:33', '2024-08-12 05:35:33'),
(186, 4, 2, 11, 0, 0, '2024-08-12 05:35:33', '2024-08-12 05:35:33'),
(187, 4, 3, 11, 0, 0, '2024-08-12 05:35:33', '2024-08-12 05:35:33'),
(188, 4, 4, 11, 0, 0, '2024-08-12 05:35:33', '2024-08-12 05:35:33'),
(189, 4, 1, 12, 0, 0, '2024-08-12 05:35:33', '2024-08-12 05:35:33'),
(190, 4, 2, 12, 0, 0, '2024-08-12 05:35:33', '2024-08-12 05:35:33'),
(191, 4, 3, 12, 0, 0, '2024-08-12 05:35:33', '2024-08-12 05:35:33'),
(192, 4, 4, 12, 0, 0, '2024-08-12 05:35:33', '2024-08-12 05:35:33'),
(193, 5, 1, 1, 0, 0, '2024-08-12 05:35:33', '2024-08-12 05:35:33'),
(194, 5, 2, 1, 0, 0, '2024-08-12 05:35:33', '2024-08-12 05:35:33'),
(195, 5, 3, 1, 0, 0, '2024-08-12 05:35:33', '2024-08-12 05:35:33'),
(196, 5, 4, 1, 0, 0, '2024-08-12 05:35:33', '2024-08-12 05:35:33'),
(197, 5, 1, 2, 0, 0, '2024-08-12 05:35:33', '2024-08-12 05:35:33'),
(198, 5, 2, 2, 0, 0, '2024-08-12 05:35:33', '2024-08-12 05:35:33'),
(199, 5, 3, 2, 0, 0, '2024-08-12 05:35:33', '2024-08-12 05:35:33'),
(200, 5, 4, 2, 0, 0, '2024-08-12 05:35:33', '2024-08-12 05:35:33'),
(201, 5, 1, 3, 0, 0, '2024-08-12 05:35:33', '2024-08-12 05:35:33'),
(202, 5, 2, 3, 0, 0, '2024-08-12 05:35:33', '2024-08-12 05:35:33'),
(203, 5, 3, 3, 0, 0, '2024-08-12 05:35:33', '2024-08-12 05:35:33'),
(204, 5, 4, 3, 0, 0, '2024-08-12 05:35:33', '2024-08-12 05:35:33'),
(205, 5, 1, 4, 0, 0, '2024-08-12 05:35:33', '2024-08-12 05:35:33'),
(206, 5, 2, 4, 0, 0, '2024-08-12 05:35:33', '2024-08-12 05:35:33'),
(207, 5, 3, 4, 0, 0, '2024-08-12 05:35:33', '2024-08-12 05:35:33'),
(208, 5, 4, 4, 0, 0, '2024-08-12 05:35:33', '2024-08-12 05:35:33'),
(209, 5, 1, 5, 0, 0, '2024-08-12 05:35:33', '2024-08-12 05:35:33'),
(210, 5, 2, 5, 0, 0, '2024-08-12 05:35:33', '2024-08-12 05:35:33'),
(211, 5, 3, 5, 0, 0, '2024-08-12 05:35:33', '2024-08-12 05:35:33'),
(212, 5, 4, 5, 0, 0, '2024-08-12 05:35:34', '2024-08-12 05:35:34'),
(213, 5, 1, 6, 0, 0, '2024-08-12 05:35:34', '2024-08-12 05:35:34'),
(214, 5, 2, 6, 0, 0, '2024-08-12 05:35:34', '2024-08-12 05:35:34'),
(215, 5, 3, 6, 0, 0, '2024-08-12 05:35:34', '2024-08-12 05:35:34'),
(216, 5, 4, 6, 0, 0, '2024-08-12 05:35:34', '2024-08-12 05:35:34'),
(217, 5, 1, 7, 0, 0, '2024-08-12 05:35:34', '2024-08-12 05:35:34'),
(218, 5, 2, 7, 0, 0, '2024-08-12 05:35:34', '2024-08-12 05:35:34'),
(219, 5, 3, 7, 0, 0, '2024-08-12 05:35:34', '2024-08-12 05:35:34'),
(220, 5, 4, 7, 0, 0, '2024-08-12 05:35:34', '2024-08-12 05:35:34'),
(221, 5, 1, 8, 0, 0, '2024-08-12 05:35:34', '2024-08-12 05:35:34'),
(222, 5, 2, 8, 0, 0, '2024-08-12 05:35:34', '2024-08-12 05:35:34'),
(223, 5, 3, 8, 0, 0, '2024-08-12 05:35:34', '2024-08-12 05:35:34'),
(224, 5, 4, 8, 0, 0, '2024-08-12 05:35:34', '2024-08-12 05:35:34'),
(225, 5, 1, 9, 0, 0, '2024-08-12 05:35:34', '2024-08-12 05:35:34'),
(226, 5, 2, 9, 0, 0, '2024-08-12 05:35:34', '2024-08-12 05:35:34'),
(227, 5, 3, 9, 0, 0, '2024-08-12 05:35:34', '2024-08-12 05:35:34'),
(228, 5, 4, 9, 0, 0, '2024-08-12 05:35:34', '2024-08-12 05:35:34'),
(229, 5, 1, 10, 0, 0, '2024-08-12 05:35:34', '2024-08-12 05:35:34'),
(230, 5, 2, 10, 0, 0, '2024-08-12 05:35:34', '2024-08-12 05:35:34'),
(231, 5, 3, 10, 0, 0, '2024-08-12 05:35:34', '2024-08-12 05:35:34'),
(232, 5, 4, 10, 0, 0, '2024-08-12 05:35:34', '2024-08-12 05:35:34'),
(233, 5, 1, 11, 0, 0, '2024-08-12 05:35:34', '2024-08-12 05:35:34'),
(234, 5, 2, 11, 0, 0, '2024-08-12 05:35:34', '2024-08-12 05:35:34'),
(235, 5, 3, 11, 0, 0, '2024-08-12 05:35:34', '2024-08-12 05:35:34'),
(236, 5, 4, 11, 0, 0, '2024-08-12 05:35:34', '2024-08-12 05:35:34'),
(237, 5, 1, 12, 0, 0, '2024-08-12 05:35:34', '2024-08-12 05:35:34'),
(238, 5, 2, 12, 0, 0, '2024-08-12 05:35:34', '2024-08-12 05:35:34'),
(239, 5, 3, 12, 0, 0, '2024-08-12 05:35:34', '2024-08-12 05:35:34'),
(240, 5, 4, 12, 0, 0, '2024-08-12 05:35:34', '2024-08-12 05:35:34'),
(241, 1, 5, 1, 0, 0, '2024-08-12 05:35:36', '2024-08-12 05:35:36'),
(242, 1, 6, 1, 0, 0, '2024-08-12 05:35:36', '2024-08-12 05:35:36'),
(243, 1, 7, 1, 0, 0, '2024-08-12 05:35:36', '2024-08-12 05:35:36'),
(244, 1, 8, 1, 0, 0, '2024-08-12 05:35:36', '2024-08-12 05:35:36'),
(245, 1, 5, 2, 0, 0, '2024-08-12 05:35:36', '2024-08-12 05:35:36'),
(246, 1, 6, 2, 0, 0, '2024-08-12 05:35:36', '2024-08-12 05:35:36'),
(247, 1, 7, 2, 0, 0, '2024-08-12 05:35:36', '2024-08-12 05:35:36'),
(248, 1, 8, 2, 0, 0, '2024-08-12 05:35:36', '2024-08-12 05:35:36'),
(249, 1, 5, 3, 0, 0, '2024-08-12 05:35:36', '2024-08-12 05:35:36'),
(250, 1, 6, 3, 0, 0, '2024-08-12 05:35:36', '2024-08-12 05:35:36'),
(251, 1, 7, 3, 0, 0, '2024-08-12 05:35:36', '2024-08-12 05:35:36'),
(252, 1, 8, 3, 0, 0, '2024-08-12 05:35:36', '2024-08-12 05:35:36'),
(253, 1, 5, 4, 0, 0, '2024-08-12 05:35:36', '2024-08-12 05:35:36'),
(254, 1, 6, 4, 0, 0, '2024-08-12 05:35:36', '2024-08-12 05:35:36'),
(255, 1, 7, 4, 0, 0, '2024-08-12 05:35:36', '2024-08-12 05:35:36'),
(256, 1, 8, 4, 0, 0, '2024-08-12 05:35:37', '2024-08-12 05:35:37'),
(257, 1, 5, 5, 0, 0, '2024-08-12 05:35:37', '2024-08-12 05:35:37'),
(258, 1, 6, 5, 0, 0, '2024-08-12 05:35:37', '2024-08-12 05:35:37'),
(259, 1, 7, 5, 0, 0, '2024-08-12 05:35:37', '2024-08-12 05:35:37'),
(260, 1, 8, 5, 0, 0, '2024-08-12 05:35:37', '2024-08-12 05:35:37'),
(261, 1, 5, 6, 0, 0, '2024-08-12 05:35:37', '2024-08-12 05:35:37'),
(262, 1, 6, 6, 0, 0, '2024-08-12 05:35:37', '2024-08-12 05:35:37'),
(263, 1, 7, 6, 0, 0, '2024-08-12 05:35:37', '2024-08-12 05:35:37'),
(264, 1, 8, 6, 0, 0, '2024-08-12 05:35:37', '2024-08-12 05:35:37'),
(265, 1, 5, 7, 0, 0, '2024-08-12 05:35:37', '2024-08-12 05:35:37'),
(266, 1, 6, 7, 0, 0, '2024-08-12 05:35:37', '2024-08-12 05:35:37'),
(267, 1, 7, 7, 0, 0, '2024-08-12 05:35:37', '2024-08-12 05:35:37'),
(268, 1, 8, 7, 0, 0, '2024-08-12 05:35:37', '2024-08-12 05:35:37'),
(269, 1, 5, 8, 0, 0, '2024-08-12 05:35:37', '2024-08-12 05:35:37'),
(270, 1, 6, 8, 0, 0, '2024-08-12 05:35:37', '2024-08-12 05:35:37'),
(271, 1, 7, 8, 0, 0, '2024-08-12 05:35:37', '2024-08-12 05:35:37'),
(272, 1, 8, 8, 0, 0, '2024-08-12 05:35:37', '2024-08-12 05:35:37'),
(273, 1, 5, 9, 0, 0, '2024-08-12 05:35:37', '2024-08-12 05:35:37'),
(274, 1, 6, 9, 0, 0, '2024-08-12 05:35:37', '2024-08-12 05:35:37'),
(275, 1, 7, 9, 0, 0, '2024-08-12 05:35:37', '2024-08-12 05:35:37'),
(276, 1, 8, 9, 0, 0, '2024-08-12 05:35:37', '2024-08-12 05:35:37'),
(277, 1, 5, 10, 0, 0, '2024-08-12 05:35:37', '2024-08-12 05:35:37'),
(278, 1, 6, 10, 0, 0, '2024-08-12 05:35:37', '2024-08-12 05:35:37'),
(279, 1, 7, 10, 0, 0, '2024-08-12 05:35:37', '2024-08-12 05:35:37'),
(280, 1, 8, 10, 0, 0, '2024-08-12 05:35:37', '2024-08-12 05:35:37'),
(281, 1, 5, 11, 0, 0, '2024-08-12 05:35:37', '2024-08-12 05:35:37'),
(282, 1, 6, 11, 0, 0, '2024-08-12 05:35:37', '2024-08-12 05:35:37'),
(283, 1, 7, 11, 0, 0, '2024-08-12 05:35:37', '2024-08-12 05:35:37'),
(284, 1, 8, 11, 0, 0, '2024-08-12 05:35:37', '2024-08-12 05:35:37'),
(285, 1, 5, 12, 0, 0, '2024-08-12 05:35:37', '2024-08-12 05:35:37'),
(286, 1, 6, 12, 0, 0, '2024-08-12 05:35:37', '2024-08-12 05:35:37'),
(287, 1, 7, 12, 0, 0, '2024-08-12 05:35:37', '2024-08-12 05:35:37'),
(288, 1, 8, 12, 0, 0, '2024-08-12 05:35:37', '2024-08-12 05:35:37'),
(289, 2, 5, 1, 0, 0, '2024-08-12 05:35:37', '2024-08-12 05:35:37'),
(290, 2, 6, 1, 0, 0, '2024-08-12 05:35:37', '2024-08-12 05:35:37'),
(291, 2, 7, 1, 0, 0, '2024-08-12 05:35:37', '2024-08-12 05:35:37'),
(292, 2, 8, 1, 0, 0, '2024-08-12 05:35:37', '2024-08-12 05:35:37'),
(293, 2, 5, 2, 0, 0, '2024-08-12 05:35:37', '2024-08-12 05:35:37'),
(294, 2, 6, 2, 0, 0, '2024-08-12 05:35:37', '2024-08-12 05:35:37'),
(295, 2, 7, 2, 0, 0, '2024-08-12 05:35:37', '2024-08-12 05:35:37'),
(296, 2, 8, 2, 0, 0, '2024-08-12 05:35:37', '2024-08-12 05:35:37'),
(297, 2, 5, 3, 0, 0, '2024-08-12 05:35:37', '2024-08-12 05:35:37'),
(298, 2, 6, 3, 0, 0, '2024-08-12 05:35:37', '2024-08-12 05:35:37'),
(299, 2, 7, 3, 0, 0, '2024-08-12 05:35:37', '2024-08-12 05:35:37'),
(300, 2, 8, 3, 0, 0, '2024-08-12 05:35:37', '2024-08-12 05:35:37'),
(301, 2, 5, 4, 0, 0, '2024-08-12 05:35:37', '2024-08-12 05:35:37'),
(302, 2, 6, 4, 0, 0, '2024-08-12 05:35:37', '2024-08-12 05:35:37'),
(303, 2, 7, 4, 0, 0, '2024-08-12 05:35:37', '2024-08-12 05:35:37'),
(304, 2, 8, 4, 0, 0, '2024-08-12 05:35:37', '2024-08-12 05:35:37'),
(305, 2, 5, 5, 0, 0, '2024-08-12 05:35:37', '2024-08-12 05:35:37'),
(306, 2, 6, 5, 0, 0, '2024-08-12 05:35:37', '2024-08-12 05:35:37'),
(307, 2, 7, 5, 0, 0, '2024-08-12 05:35:37', '2024-08-12 05:35:37'),
(308, 2, 8, 5, 0, 0, '2024-08-12 05:35:37', '2024-08-12 05:35:37'),
(309, 2, 5, 6, 0, 0, '2024-08-12 05:35:37', '2024-08-12 05:35:37'),
(310, 2, 6, 6, 0, 0, '2024-08-12 05:35:37', '2024-08-12 05:35:37'),
(311, 2, 7, 6, 0, 0, '2024-08-12 05:35:37', '2024-08-12 05:35:37'),
(312, 2, 8, 6, 0, 0, '2024-08-12 05:35:37', '2024-08-12 05:35:37'),
(313, 2, 5, 7, 0, 0, '2024-08-12 05:35:37', '2024-08-12 05:35:37'),
(314, 2, 6, 7, 0, 0, '2024-08-12 05:35:37', '2024-08-12 05:35:37'),
(315, 2, 7, 7, 0, 0, '2024-08-12 05:35:37', '2024-08-12 05:35:37'),
(316, 2, 8, 7, 0, 0, '2024-08-12 05:35:37', '2024-08-12 05:35:37'),
(317, 2, 5, 8, 0, 0, '2024-08-12 05:35:37', '2024-08-12 05:35:37'),
(318, 2, 6, 8, 0, 0, '2024-08-12 05:35:37', '2024-08-12 05:35:37'),
(319, 2, 7, 8, 0, 0, '2024-08-12 05:35:37', '2024-08-12 05:35:37'),
(320, 2, 8, 8, 0, 0, '2024-08-12 05:35:37', '2024-08-12 05:35:37'),
(321, 2, 5, 9, 0, 0, '2024-08-12 05:35:37', '2024-08-12 05:35:37'),
(322, 2, 6, 9, 0, 0, '2024-08-12 05:35:37', '2024-08-12 05:35:37'),
(323, 2, 7, 9, 0, 0, '2024-08-12 05:35:37', '2024-08-12 05:35:37'),
(324, 2, 8, 9, 0, 0, '2024-08-12 05:35:37', '2024-08-12 05:35:37'),
(325, 2, 5, 10, 0, 0, '2024-08-12 05:35:37', '2024-08-12 05:35:37'),
(326, 2, 6, 10, 0, 0, '2024-08-12 05:35:37', '2024-08-12 05:35:37'),
(327, 2, 7, 10, 0, 0, '2024-08-12 05:35:37', '2024-08-12 05:35:37'),
(328, 2, 8, 10, 0, 0, '2024-08-12 05:35:37', '2024-08-12 05:35:37'),
(329, 2, 5, 11, 0, 0, '2024-08-12 05:35:37', '2024-08-12 05:35:37'),
(330, 2, 6, 11, 0, 0, '2024-08-12 05:35:37', '2024-08-12 05:35:37'),
(331, 2, 7, 11, 0, 0, '2024-08-12 05:35:37', '2024-08-12 05:35:37'),
(332, 2, 8, 11, 0, 0, '2024-08-12 05:35:37', '2024-08-12 05:35:37'),
(333, 2, 5, 12, 0, 0, '2024-08-12 05:35:37', '2024-08-12 05:35:37'),
(334, 2, 6, 12, 0, 0, '2024-08-12 05:35:37', '2024-08-12 05:35:37'),
(335, 2, 7, 12, 0, 0, '2024-08-12 05:35:37', '2024-08-12 05:35:37'),
(336, 2, 8, 12, 0, 0, '2024-08-12 05:35:38', '2024-08-12 05:35:38'),
(337, 3, 5, 1, 0, 0, '2024-08-12 05:35:38', '2024-08-12 05:35:38'),
(338, 3, 6, 1, 0, 0, '2024-08-12 05:35:38', '2024-08-12 05:35:38'),
(339, 3, 7, 1, 0, 0, '2024-08-12 05:35:38', '2024-08-12 05:35:38'),
(340, 3, 8, 1, 0, 0, '2024-08-12 05:35:38', '2024-08-12 05:35:38'),
(341, 3, 5, 2, 0, 0, '2024-08-12 05:35:38', '2024-08-12 05:35:38'),
(342, 3, 6, 2, 0, 0, '2024-08-12 05:35:38', '2024-08-12 05:35:38'),
(343, 3, 7, 2, 0, 0, '2024-08-12 05:35:38', '2024-08-12 05:35:38'),
(344, 3, 8, 2, 0, 0, '2024-08-12 05:35:38', '2024-08-12 05:35:38'),
(345, 3, 5, 3, 0, 0, '2024-08-12 05:35:38', '2024-08-12 05:35:38'),
(346, 3, 6, 3, 0, 0, '2024-08-12 05:35:38', '2024-08-12 05:35:38'),
(347, 3, 7, 3, 0, 0, '2024-08-12 05:35:38', '2024-08-12 05:35:38'),
(348, 3, 8, 3, 0, 0, '2024-08-12 05:35:38', '2024-08-12 05:35:38'),
(349, 3, 5, 4, 0, 0, '2024-08-12 05:35:38', '2024-08-12 05:35:38'),
(350, 3, 6, 4, 0, 0, '2024-08-12 05:35:38', '2024-08-12 05:35:38'),
(351, 3, 7, 4, 0, 0, '2024-08-12 05:35:38', '2024-08-12 05:35:38'),
(352, 3, 8, 4, 0, 0, '2024-08-12 05:35:38', '2024-08-12 05:35:38'),
(353, 3, 5, 5, 0, 0, '2024-08-12 05:35:38', '2024-08-12 05:35:38'),
(354, 3, 6, 5, 0, 0, '2024-08-12 05:35:38', '2024-08-12 05:35:38'),
(355, 3, 7, 5, 0, 0, '2024-08-12 05:35:38', '2024-08-12 05:35:38'),
(356, 3, 8, 5, 0, 0, '2024-08-12 05:35:38', '2024-08-12 05:35:38'),
(357, 3, 5, 6, 0, 0, '2024-08-12 05:35:38', '2024-08-12 05:35:38'),
(358, 3, 6, 6, 0, 0, '2024-08-12 05:35:38', '2024-08-12 05:35:38'),
(359, 3, 7, 6, 0, 0, '2024-08-12 05:35:38', '2024-08-12 05:35:38'),
(360, 3, 8, 6, 0, 0, '2024-08-12 05:35:38', '2024-08-12 05:35:38'),
(361, 3, 5, 7, 0, 0, '2024-08-12 05:35:38', '2024-08-12 05:35:38'),
(362, 3, 6, 7, 0, 0, '2024-08-12 05:35:38', '2024-08-12 05:35:38'),
(363, 3, 7, 7, 0, 0, '2024-08-12 05:35:38', '2024-08-12 05:35:38'),
(364, 3, 8, 7, 0, 0, '2024-08-12 05:35:38', '2024-08-12 05:35:38'),
(365, 3, 5, 8, 0, 0, '2024-08-12 05:35:38', '2024-08-12 05:35:38'),
(366, 3, 6, 8, 0, 0, '2024-08-12 05:35:38', '2024-08-12 05:35:38'),
(367, 3, 7, 8, 0, 0, '2024-08-12 05:35:38', '2024-08-12 05:35:38'),
(368, 3, 8, 8, 0, 0, '2024-08-12 05:35:38', '2024-08-12 05:35:38'),
(369, 3, 5, 9, 0, 0, '2024-08-12 05:35:38', '2024-08-12 05:35:38'),
(370, 3, 6, 9, 0, 0, '2024-08-12 05:35:38', '2024-08-12 05:35:38'),
(371, 3, 7, 9, 0, 0, '2024-08-12 05:35:38', '2024-08-12 05:35:38'),
(372, 3, 8, 9, 0, 0, '2024-08-12 05:35:38', '2024-08-12 05:35:38'),
(373, 3, 5, 10, 0, 0, '2024-08-12 05:35:38', '2024-08-12 05:35:38'),
(374, 3, 6, 10, 0, 0, '2024-08-12 05:35:38', '2024-08-12 05:35:38'),
(375, 3, 7, 10, 0, 0, '2024-08-12 05:35:38', '2024-08-12 05:35:38'),
(376, 3, 8, 10, 0, 0, '2024-08-12 05:35:38', '2024-08-12 05:35:38'),
(377, 3, 5, 11, 0, 0, '2024-08-12 05:35:38', '2024-08-12 05:35:38'),
(378, 3, 6, 11, 0, 0, '2024-08-12 05:35:38', '2024-08-12 05:35:38'),
(379, 3, 7, 11, 0, 0, '2024-08-12 05:35:38', '2024-08-12 05:35:38'),
(380, 3, 8, 11, 0, 0, '2024-08-12 05:35:38', '2024-08-12 05:35:38'),
(381, 3, 5, 12, 0, 0, '2024-08-12 05:35:38', '2024-08-12 05:35:38'),
(382, 3, 6, 12, 0, 0, '2024-08-12 05:35:38', '2024-08-12 05:35:38'),
(383, 3, 7, 12, 0, 0, '2024-08-12 05:35:38', '2024-08-12 05:35:38'),
(384, 3, 8, 12, 0, 0, '2024-08-12 05:35:38', '2024-08-12 05:35:38'),
(385, 4, 5, 1, 0, 0, '2024-08-12 05:35:38', '2024-08-12 05:35:38'),
(386, 4, 6, 1, 0, 0, '2024-08-12 05:35:38', '2024-08-12 05:35:38'),
(387, 4, 7, 1, 0, 0, '2024-08-12 05:35:38', '2024-08-12 05:35:38'),
(388, 4, 8, 1, 0, 0, '2024-08-12 05:35:38', '2024-08-12 05:35:38'),
(389, 4, 5, 2, 0, 0, '2024-08-12 05:35:38', '2024-08-12 05:35:38'),
(390, 4, 6, 2, 0, 0, '2024-08-12 05:35:38', '2024-08-12 05:35:38'),
(391, 4, 7, 2, 0, 0, '2024-08-12 05:35:38', '2024-08-12 05:35:38'),
(392, 4, 8, 2, 0, 0, '2024-08-12 05:35:38', '2024-08-12 05:35:38'),
(393, 4, 5, 3, 0, 0, '2024-08-12 05:35:38', '2024-08-12 05:35:38'),
(394, 4, 6, 3, 0, 0, '2024-08-12 05:35:38', '2024-08-12 05:35:38'),
(395, 4, 7, 3, 0, 0, '2024-08-12 05:35:38', '2024-08-12 05:35:38'),
(396, 4, 8, 3, 0, 0, '2024-08-12 05:35:38', '2024-08-12 05:35:38'),
(397, 4, 5, 4, 0, 0, '2024-08-12 05:35:38', '2024-08-12 05:35:38'),
(398, 4, 6, 4, 0, 0, '2024-08-12 05:35:38', '2024-08-12 05:35:38'),
(399, 4, 7, 4, 0, 0, '2024-08-12 05:35:38', '2024-08-12 05:35:38'),
(400, 4, 8, 4, 0, 0, '2024-08-12 05:35:38', '2024-08-12 05:35:38'),
(401, 4, 5, 5, 0, 0, '2024-08-12 05:35:38', '2024-08-12 05:35:38'),
(402, 4, 6, 5, 0, 0, '2024-08-12 05:35:38', '2024-08-12 05:35:38'),
(403, 4, 7, 5, 0, 0, '2024-08-12 05:35:38', '2024-08-12 05:35:38'),
(404, 4, 8, 5, 0, 0, '2024-08-12 05:35:38', '2024-08-12 05:35:38'),
(405, 4, 5, 6, 0, 0, '2024-08-12 05:35:38', '2024-08-12 05:35:38'),
(406, 4, 6, 6, 0, 0, '2024-08-12 05:35:38', '2024-08-12 05:35:38'),
(407, 4, 7, 6, 0, 0, '2024-08-12 05:35:38', '2024-08-12 05:35:38'),
(408, 4, 8, 6, 0, 0, '2024-08-12 05:35:38', '2024-08-12 05:35:38'),
(409, 4, 5, 7, 0, 0, '2024-08-12 05:35:38', '2024-08-12 05:35:38'),
(410, 4, 6, 7, 0, 0, '2024-08-12 05:35:38', '2024-08-12 05:35:38'),
(411, 4, 7, 7, 0, 0, '2024-08-12 05:35:38', '2024-08-12 05:35:38'),
(412, 4, 8, 7, 0, 0, '2024-08-12 05:35:38', '2024-08-12 05:35:38'),
(413, 4, 5, 8, 0, 0, '2024-08-12 05:35:39', '2024-08-12 05:35:39'),
(414, 4, 6, 8, 0, 0, '2024-08-12 05:35:39', '2024-08-12 05:35:39'),
(415, 4, 7, 8, 0, 0, '2024-08-12 05:35:39', '2024-08-12 05:35:39'),
(416, 4, 8, 8, 0, 0, '2024-08-12 05:35:39', '2024-08-12 05:35:39'),
(417, 4, 5, 9, 0, 0, '2024-08-12 05:35:39', '2024-08-12 05:35:39'),
(418, 4, 6, 9, 0, 0, '2024-08-12 05:35:39', '2024-08-12 05:35:39'),
(419, 4, 7, 9, 0, 0, '2024-08-12 05:35:39', '2024-08-12 05:35:39'),
(420, 4, 8, 9, 0, 0, '2024-08-12 05:35:39', '2024-08-12 05:35:39'),
(421, 4, 5, 10, 0, 0, '2024-08-12 05:35:39', '2024-08-12 05:35:39'),
(422, 4, 6, 10, 0, 0, '2024-08-12 05:35:39', '2024-08-12 05:35:39'),
(423, 4, 7, 10, 0, 0, '2024-08-12 05:35:39', '2024-08-12 05:35:39'),
(424, 4, 8, 10, 0, 0, '2024-08-12 05:35:39', '2024-08-12 05:35:39'),
(425, 4, 5, 11, 0, 0, '2024-08-12 05:35:39', '2024-08-12 05:35:39'),
(426, 4, 6, 11, 0, 0, '2024-08-12 05:35:39', '2024-08-12 05:35:39'),
(427, 4, 7, 11, 0, 0, '2024-08-12 05:35:39', '2024-08-12 05:35:39'),
(428, 4, 8, 11, 0, 0, '2024-08-12 05:35:39', '2024-08-12 05:35:39'),
(429, 4, 5, 12, 0, 0, '2024-08-12 05:35:39', '2024-08-12 05:35:39'),
(430, 4, 6, 12, 0, 0, '2024-08-12 05:35:39', '2024-08-12 05:35:39'),
(431, 4, 7, 12, 0, 0, '2024-08-12 05:35:39', '2024-08-12 05:35:39'),
(432, 4, 8, 12, 0, 0, '2024-08-12 05:35:39', '2024-08-12 05:35:39'),
(433, 5, 5, 1, 0, 0, '2024-08-12 05:35:39', '2024-08-12 05:35:39'),
(434, 5, 6, 1, 0, 0, '2024-08-12 05:35:39', '2024-08-12 05:35:39'),
(435, 5, 7, 1, 0, 0, '2024-08-12 05:35:39', '2024-08-12 05:35:39'),
(436, 5, 8, 1, 0, 0, '2024-08-12 05:35:39', '2024-08-12 05:35:39'),
(437, 5, 5, 2, 0, 0, '2024-08-12 05:35:39', '2024-08-12 05:35:39'),
(438, 5, 6, 2, 0, 0, '2024-08-12 05:35:39', '2024-08-12 05:35:39'),
(439, 5, 7, 2, 0, 0, '2024-08-12 05:35:39', '2024-08-12 05:35:39'),
(440, 5, 8, 2, 0, 0, '2024-08-12 05:35:39', '2024-08-12 05:35:39'),
(441, 5, 5, 3, 0, 0, '2024-08-12 05:35:39', '2024-08-12 05:35:39'),
(442, 5, 6, 3, 0, 0, '2024-08-12 05:35:39', '2024-08-12 05:35:39'),
(443, 5, 7, 3, 0, 0, '2024-08-12 05:35:39', '2024-08-12 05:35:39'),
(444, 5, 8, 3, 0, 0, '2024-08-12 05:35:39', '2024-08-12 05:35:39'),
(445, 5, 5, 4, 0, 0, '2024-08-12 05:35:39', '2024-08-12 05:35:39'),
(446, 5, 6, 4, 0, 0, '2024-08-12 05:35:39', '2024-08-12 05:35:39'),
(447, 5, 7, 4, 0, 0, '2024-08-12 05:35:39', '2024-08-12 05:35:39'),
(448, 5, 8, 4, 0, 0, '2024-08-12 05:35:39', '2024-08-12 05:35:39'),
(449, 5, 5, 5, 0, 0, '2024-08-12 05:35:39', '2024-08-12 05:35:39'),
(450, 5, 6, 5, 0, 0, '2024-08-12 05:35:39', '2024-08-12 05:35:39'),
(451, 5, 7, 5, 0, 0, '2024-08-12 05:35:39', '2024-08-12 05:35:39'),
(452, 5, 8, 5, 0, 0, '2024-08-12 05:35:39', '2024-08-12 05:35:39'),
(453, 5, 5, 6, 0, 0, '2024-08-12 05:35:39', '2024-08-12 05:35:39'),
(454, 5, 6, 6, 0, 0, '2024-08-12 05:35:39', '2024-08-12 05:35:39'),
(455, 5, 7, 6, 0, 0, '2024-08-12 05:35:39', '2024-08-12 05:35:39'),
(456, 5, 8, 6, 0, 0, '2024-08-12 05:35:39', '2024-08-12 05:35:39'),
(457, 5, 5, 7, 0, 0, '2024-08-12 05:35:39', '2024-08-12 05:35:39'),
(458, 5, 6, 7, 0, 0, '2024-08-12 05:35:39', '2024-08-12 05:35:39'),
(459, 5, 7, 7, 0, 0, '2024-08-12 05:35:39', '2024-08-12 05:35:39'),
(460, 5, 8, 7, 0, 0, '2024-08-12 05:35:39', '2024-08-12 05:35:39'),
(461, 5, 5, 8, 0, 0, '2024-08-12 05:35:39', '2024-08-12 05:35:39'),
(462, 5, 6, 8, 0, 0, '2024-08-12 05:35:39', '2024-08-12 05:35:39'),
(463, 5, 7, 8, 0, 0, '2024-08-12 05:35:39', '2024-08-12 05:35:39'),
(464, 5, 8, 8, 0, 0, '2024-08-12 05:35:39', '2024-08-12 05:35:39'),
(465, 5, 5, 9, 0, 0, '2024-08-12 05:35:39', '2024-08-12 05:35:39'),
(466, 5, 6, 9, 0, 0, '2024-08-12 05:35:39', '2024-08-12 05:35:39'),
(467, 5, 7, 9, 0, 0, '2024-08-12 05:35:39', '2024-08-12 05:35:39'),
(468, 5, 8, 9, 0, 0, '2024-08-12 05:35:39', '2024-08-12 05:35:39'),
(469, 5, 5, 10, 0, 0, '2024-08-12 05:35:39', '2024-08-12 05:35:39'),
(470, 5, 6, 10, 0, 0, '2024-08-12 05:35:39', '2024-08-12 05:35:39'),
(471, 5, 7, 10, 0, 0, '2024-08-12 05:35:39', '2024-08-12 05:35:39'),
(472, 5, 8, 10, 0, 0, '2024-08-12 05:35:39', '2024-08-12 05:35:39'),
(473, 5, 5, 11, 0, 0, '2024-08-12 05:35:39', '2024-08-12 05:35:39'),
(474, 5, 6, 11, 0, 0, '2024-08-12 05:35:39', '2024-08-12 05:35:39'),
(475, 5, 7, 11, 0, 0, '2024-08-12 05:35:39', '2024-08-12 05:35:39'),
(476, 5, 8, 11, 0, 0, '2024-08-12 05:35:39', '2024-08-12 05:35:39'),
(477, 5, 5, 12, 0, 0, '2024-08-12 05:35:39', '2024-08-12 05:35:39'),
(478, 5, 6, 12, 0, 0, '2024-08-12 05:35:39', '2024-08-12 05:35:39'),
(479, 5, 7, 12, 0, 0, '2024-08-12 05:35:39', '2024-08-12 05:35:39'),
(480, 5, 8, 12, 0, 0, '2024-08-12 05:35:39', '2024-08-12 05:35:39'),
(481, 1, 1, 13, 0, 0, '2024-08-12 06:35:17', '2024-08-12 06:35:17'),
(482, 1, 2, 13, 0, 0, '2024-08-12 06:35:17', '2024-08-12 06:35:17'),
(483, 1, 3, 13, 0, 0, '2024-08-12 06:35:17', '2024-08-12 06:35:17'),
(484, 1, 4, 13, 0, 0, '2024-08-12 06:35:17', '2024-08-12 06:35:17'),
(485, 2, 1, 13, 0, 0, '2024-08-12 06:35:17', '2024-08-12 06:35:17'),
(486, 2, 2, 13, 0, 0, '2024-08-12 06:35:17', '2024-08-12 06:35:17'),
(487, 2, 3, 13, 0, 0, '2024-08-12 06:35:17', '2024-08-12 06:35:17'),
(488, 2, 4, 13, 0, 0, '2024-08-12 06:35:17', '2024-08-12 06:35:17'),
(489, 3, 1, 13, 0, 0, '2024-08-12 06:35:17', '2024-08-12 06:35:17'),
(490, 3, 2, 13, 0, 0, '2024-08-12 06:35:17', '2024-08-12 06:35:17'),
(491, 3, 3, 13, 0, 0, '2024-08-12 06:35:17', '2024-08-12 06:35:17'),
(492, 3, 4, 13, 0, 0, '2024-08-12 06:35:17', '2024-08-12 06:35:17'),
(493, 4, 1, 13, 0, 0, '2024-08-12 06:35:17', '2024-08-12 06:35:17'),
(494, 4, 2, 13, 0, 0, '2024-08-12 06:35:17', '2024-08-12 06:35:17'),
(495, 4, 3, 13, 0, 0, '2024-08-12 06:35:17', '2024-08-12 06:35:17'),
(496, 4, 4, 13, 0, 0, '2024-08-12 06:35:17', '2024-08-12 06:35:17'),
(497, 5, 1, 13, 0, 0, '2024-08-12 06:35:18', '2024-08-12 06:35:18'),
(498, 5, 2, 13, 0, 0, '2024-08-12 06:35:18', '2024-08-12 06:35:18'),
(499, 5, 3, 13, 0, 0, '2024-08-12 06:35:18', '2024-08-12 06:35:18'),
(500, 5, 4, 13, 0, 0, '2024-08-12 06:35:18', '2024-08-12 06:35:18'),
(501, 1, 5, 13, 0, 0, '2024-08-12 06:55:04', '2024-08-12 06:55:04'),
(502, 1, 6, 13, 0, 0, '2024-08-12 06:55:04', '2024-08-12 06:55:04'),
(503, 1, 7, 13, 0, 0, '2024-08-12 06:55:04', '2024-08-12 06:55:04'),
(504, 1, 8, 13, 0, 0, '2024-08-12 06:55:04', '2024-08-12 06:55:04'),
(505, 2, 5, 13, 0, 0, '2024-08-12 06:55:05', '2024-08-12 06:55:05'),
(506, 2, 6, 13, 0, 0, '2024-08-12 06:55:05', '2024-08-12 06:55:05'),
(507, 2, 7, 13, 0, 0, '2024-08-12 06:55:05', '2024-08-12 06:55:05'),
(508, 2, 8, 13, 0, 0, '2024-08-12 06:55:05', '2024-08-12 06:55:05'),
(509, 3, 5, 13, 0, 0, '2024-08-12 06:55:05', '2024-08-12 06:55:05'),
(510, 3, 6, 13, 0, 0, '2024-08-12 06:55:05', '2024-08-12 06:55:05'),
(511, 3, 7, 13, 0, 0, '2024-08-12 06:55:05', '2024-08-12 06:55:05'),
(512, 3, 8, 13, 0, 0, '2024-08-12 06:55:05', '2024-08-12 06:55:05'),
(513, 4, 5, 13, 0, 0, '2024-08-12 06:55:05', '2024-08-12 06:55:05'),
(514, 4, 6, 13, 0, 0, '2024-08-12 06:55:05', '2024-08-12 06:55:05'),
(515, 4, 7, 13, 0, 0, '2024-08-12 06:55:05', '2024-08-12 06:55:05'),
(516, 4, 8, 13, 0, 0, '2024-08-12 06:55:05', '2024-08-12 06:55:05'),
(517, 5, 5, 13, 0, 0, '2024-08-12 06:55:05', '2024-08-12 06:55:05'),
(518, 5, 6, 13, 0, 0, '2024-08-12 06:55:05', '2024-08-12 06:55:05'),
(519, 5, 7, 13, 0, 0, '2024-08-12 06:55:05', '2024-08-12 06:55:05'),
(520, 5, 8, 13, 0, 0, '2024-08-12 06:55:06', '2024-08-12 06:55:06'),
(521, 1, 9, 1, 0, 0, '2024-08-12 06:55:07', '2024-08-12 06:55:07'),
(522, 1, 10, 1, 0, 0, '2024-08-12 06:55:07', '2024-08-12 06:55:07'),
(523, 1, 11, 1, 0, 0, '2024-08-12 06:55:07', '2024-08-12 06:55:07'),
(524, 1, 12, 1, 0, 0, '2024-08-12 06:55:07', '2024-08-12 06:55:07'),
(525, 1, 9, 2, 0, 0, '2024-08-12 06:55:07', '2024-08-12 06:55:07'),
(526, 1, 10, 2, 0, 0, '2024-08-12 06:55:07', '2024-08-12 06:55:07'),
(527, 1, 11, 2, 0, 0, '2024-08-12 06:55:07', '2024-08-12 06:55:07'),
(528, 1, 12, 2, 0, 0, '2024-08-12 06:55:07', '2024-08-12 06:55:07'),
(529, 1, 9, 3, 0, 0, '2024-08-12 06:55:07', '2024-08-12 06:55:07'),
(530, 1, 10, 3, 0, 0, '2024-08-12 06:55:07', '2024-08-12 06:55:07'),
(531, 1, 11, 3, 0, 0, '2024-08-12 06:55:07', '2024-08-12 06:55:07'),
(532, 1, 12, 3, 0, 0, '2024-08-12 06:55:07', '2024-08-12 06:55:07'),
(533, 1, 9, 4, 0, 0, '2024-08-12 06:55:07', '2024-08-12 06:55:07'),
(534, 1, 10, 4, 0, 0, '2024-08-12 06:55:07', '2024-08-12 06:55:07'),
(535, 1, 11, 4, 0, 0, '2024-08-12 06:55:07', '2024-08-12 06:55:07'),
(536, 1, 12, 4, 0, 0, '2024-08-12 06:55:07', '2024-08-12 06:55:07'),
(537, 1, 9, 5, 0, 0, '2024-08-12 06:55:07', '2024-08-12 06:55:07'),
(538, 1, 10, 5, 0, 0, '2024-08-12 06:55:07', '2024-08-12 06:55:07'),
(539, 1, 11, 5, 0, 0, '2024-08-12 06:55:07', '2024-08-12 06:55:07'),
(540, 1, 12, 5, 0, 0, '2024-08-12 06:55:07', '2024-08-12 06:55:07'),
(541, 1, 9, 6, 0, 0, '2024-08-12 06:55:07', '2024-08-12 06:55:07'),
(542, 1, 10, 6, 0, 0, '2024-08-12 06:55:07', '2024-08-12 06:55:07'),
(543, 1, 11, 6, 0, 0, '2024-08-12 06:55:07', '2024-08-12 06:55:07'),
(544, 1, 12, 6, 0, 0, '2024-08-12 06:55:07', '2024-08-12 06:55:07'),
(545, 1, 9, 7, 0, 0, '2024-08-12 06:55:07', '2024-08-12 06:55:07'),
(546, 1, 10, 7, 0, 0, '2024-08-12 06:55:07', '2024-08-12 06:55:07'),
(547, 1, 11, 7, 0, 0, '2024-08-12 06:55:07', '2024-08-12 06:55:07'),
(548, 1, 12, 7, 0, 0, '2024-08-12 06:55:07', '2024-08-12 06:55:07'),
(549, 1, 9, 8, 0, 0, '2024-08-12 06:55:07', '2024-08-12 06:55:07'),
(550, 1, 10, 8, 0, 0, '2024-08-12 06:55:08', '2024-08-12 06:55:08'),
(551, 1, 11, 8, 0, 0, '2024-08-12 06:55:08', '2024-08-12 06:55:08'),
(552, 1, 12, 8, 0, 0, '2024-08-12 06:55:08', '2024-08-12 06:55:08'),
(553, 1, 9, 9, 0, 0, '2024-08-12 06:55:08', '2024-08-12 06:55:08'),
(554, 1, 10, 9, 0, 0, '2024-08-12 06:55:08', '2024-08-12 06:55:08'),
(555, 1, 11, 9, 0, 0, '2024-08-12 06:55:08', '2024-08-12 06:55:08'),
(556, 1, 12, 9, 0, 0, '2024-08-12 06:55:08', '2024-08-12 06:55:08'),
(557, 1, 9, 10, 0, 0, '2024-08-12 06:55:08', '2024-08-12 06:55:08'),
(558, 1, 10, 10, 0, 0, '2024-08-12 06:55:08', '2024-08-12 06:55:08'),
(559, 1, 11, 10, 0, 0, '2024-08-12 06:55:08', '2024-08-12 06:55:08'),
(560, 1, 12, 10, 0, 0, '2024-08-12 06:55:08', '2024-08-12 06:55:08'),
(561, 1, 9, 11, 0, 0, '2024-08-12 06:55:08', '2024-08-12 06:55:08'),
(562, 1, 10, 11, 0, 0, '2024-08-12 06:55:08', '2024-08-12 06:55:08'),
(563, 1, 11, 11, 0, 0, '2024-08-12 06:55:08', '2024-08-12 06:55:08'),
(564, 1, 12, 11, 0, 0, '2024-08-12 06:55:08', '2024-08-12 06:55:08'),
(565, 1, 9, 12, 0, 0, '2024-08-12 06:55:08', '2024-08-12 06:55:08'),
(566, 1, 10, 12, 0, 0, '2024-08-12 06:55:08', '2024-08-12 06:55:08'),
(567, 1, 11, 12, 0, 0, '2024-08-12 06:55:08', '2024-08-12 06:55:08'),
(568, 1, 12, 12, 0, 0, '2024-08-12 06:55:08', '2024-08-12 06:55:08'),
(569, 1, 9, 13, 0, 0, '2024-08-12 06:55:08', '2024-08-12 06:55:08'),
(570, 1, 10, 13, 0, 0, '2024-08-12 06:55:08', '2024-08-12 06:55:08'),
(571, 1, 11, 13, 0, 0, '2024-08-12 06:55:08', '2024-08-12 06:55:08'),
(572, 1, 12, 13, 0, 0, '2024-08-12 06:55:08', '2024-08-12 06:55:08'),
(573, 2, 9, 1, 0, 0, '2024-08-12 06:55:08', '2024-08-12 06:55:08'),
(574, 2, 10, 1, 0, 0, '2024-08-12 06:55:08', '2024-08-12 06:55:08'),
(575, 2, 11, 1, 0, 0, '2024-08-12 06:55:08', '2024-08-12 06:55:08'),
(576, 2, 12, 1, 0, 0, '2024-08-12 06:55:08', '2024-08-12 06:55:08'),
(577, 2, 9, 2, 0, 0, '2024-08-12 06:55:08', '2024-08-12 06:55:08'),
(578, 2, 10, 2, 0, 0, '2024-08-12 06:55:08', '2024-08-12 06:55:08'),
(579, 2, 11, 2, 0, 0, '2024-08-12 06:55:08', '2024-08-12 06:55:08'),
(580, 2, 12, 2, 0, 0, '2024-08-12 06:55:08', '2024-08-12 06:55:08'),
(581, 2, 9, 3, 0, 0, '2024-08-12 06:55:08', '2024-08-12 06:55:08'),
(582, 2, 10, 3, 0, 0, '2024-08-12 06:55:08', '2024-08-12 06:55:08'),
(583, 2, 11, 3, 0, 0, '2024-08-12 06:55:08', '2024-08-12 06:55:08'),
(584, 2, 12, 3, 0, 0, '2024-08-12 06:55:08', '2024-08-12 06:55:08'),
(585, 2, 9, 4, 0, 0, '2024-08-12 06:55:08', '2024-08-12 06:55:08'),
(586, 2, 10, 4, 0, 0, '2024-08-12 06:55:08', '2024-08-12 06:55:08'),
(587, 2, 11, 4, 0, 0, '2024-08-12 06:55:08', '2024-08-12 06:55:08'),
(588, 2, 12, 4, 0, 0, '2024-08-12 06:55:08', '2024-08-12 06:55:08'),
(589, 2, 9, 5, 0, 0, '2024-08-12 06:55:08', '2024-08-12 06:55:08'),
(590, 2, 10, 5, 0, 0, '2024-08-12 06:55:08', '2024-08-12 06:55:08'),
(591, 2, 11, 5, 0, 0, '2024-08-12 06:55:08', '2024-08-12 06:55:08'),
(592, 2, 12, 5, 0, 0, '2024-08-12 06:55:08', '2024-08-12 06:55:08'),
(593, 2, 9, 6, 0, 0, '2024-08-12 06:55:08', '2024-08-12 06:55:08'),
(594, 2, 10, 6, 0, 0, '2024-08-12 06:55:08', '2024-08-12 06:55:08'),
(595, 2, 11, 6, 0, 0, '2024-08-12 06:55:08', '2024-08-12 06:55:08'),
(596, 2, 12, 6, 0, 0, '2024-08-12 06:55:08', '2024-08-12 06:55:08'),
(597, 2, 9, 7, 0, 0, '2024-08-12 06:55:08', '2024-08-12 06:55:08'),
(598, 2, 10, 7, 0, 0, '2024-08-12 06:55:08', '2024-08-12 06:55:08'),
(599, 2, 11, 7, 0, 0, '2024-08-12 06:55:08', '2024-08-12 06:55:08'),
(600, 2, 12, 7, 0, 0, '2024-08-12 06:55:08', '2024-08-12 06:55:08'),
(601, 2, 9, 8, 0, 0, '2024-08-12 06:55:08', '2024-08-12 06:55:08'),
(602, 2, 10, 8, 0, 0, '2024-08-12 06:55:08', '2024-08-12 06:55:08'),
(603, 2, 11, 8, 0, 0, '2024-08-12 06:55:08', '2024-08-12 06:55:08'),
(604, 2, 12, 8, 0, 0, '2024-08-12 06:55:08', '2024-08-12 06:55:08'),
(605, 2, 9, 9, 0, 0, '2024-08-12 06:55:08', '2024-08-12 06:55:08'),
(606, 2, 10, 9, 0, 0, '2024-08-12 06:55:08', '2024-08-12 06:55:08'),
(607, 2, 11, 9, 0, 0, '2024-08-12 06:55:08', '2024-08-12 06:55:08'),
(608, 2, 12, 9, 0, 0, '2024-08-12 06:55:08', '2024-08-12 06:55:08'),
(609, 2, 9, 10, 0, 0, '2024-08-12 06:55:08', '2024-08-12 06:55:08'),
(610, 2, 10, 10, 0, 0, '2024-08-12 06:55:08', '2024-08-12 06:55:08'),
(611, 2, 11, 10, 0, 0, '2024-08-12 06:55:08', '2024-08-12 06:55:08'),
(612, 2, 12, 10, 0, 0, '2024-08-12 06:55:08', '2024-08-12 06:55:08'),
(613, 2, 9, 11, 0, 0, '2024-08-12 06:55:09', '2024-08-12 06:55:09'),
(614, 2, 10, 11, 0, 0, '2024-08-12 06:55:09', '2024-08-12 06:55:09'),
(615, 2, 11, 11, 0, 0, '2024-08-12 06:55:09', '2024-08-12 06:55:09'),
(616, 2, 12, 11, 0, 0, '2024-08-12 06:55:09', '2024-08-12 06:55:09'),
(617, 2, 9, 12, 0, 0, '2024-08-12 06:55:09', '2024-08-12 06:55:09'),
(618, 2, 10, 12, 0, 0, '2024-08-12 06:55:09', '2024-08-12 06:55:09'),
(619, 2, 11, 12, 0, 0, '2024-08-12 06:55:09', '2024-08-12 06:55:09'),
(620, 2, 12, 12, 0, 0, '2024-08-12 06:55:09', '2024-08-12 06:55:09'),
(621, 2, 9, 13, 0, 0, '2024-08-12 06:55:09', '2024-08-12 06:55:09'),
(622, 2, 10, 13, 0, 0, '2024-08-12 06:55:09', '2024-08-12 06:55:09'),
(623, 2, 11, 13, 0, 0, '2024-08-12 06:55:09', '2024-08-12 06:55:09'),
(624, 2, 12, 13, 0, 0, '2024-08-12 06:55:09', '2024-08-12 06:55:09'),
(625, 3, 9, 1, 0, 0, '2024-08-12 06:55:09', '2024-08-12 06:55:09'),
(626, 3, 10, 1, 0, 0, '2024-08-12 06:55:09', '2024-08-12 06:55:09'),
(627, 3, 11, 1, 0, 0, '2024-08-12 06:55:09', '2024-08-12 06:55:09'),
(628, 3, 12, 1, 0, 0, '2024-08-12 06:55:09', '2024-08-12 06:55:09'),
(629, 3, 9, 2, 0, 0, '2024-08-12 06:55:09', '2024-08-12 06:55:09'),
(630, 3, 10, 2, 0, 0, '2024-08-12 06:55:09', '2024-08-12 06:55:09'),
(631, 3, 11, 2, 0, 0, '2024-08-12 06:55:09', '2024-08-12 06:55:09'),
(632, 3, 12, 2, 0, 0, '2024-08-12 06:55:09', '2024-08-12 06:55:09'),
(633, 3, 9, 3, 0, 0, '2024-08-12 06:55:09', '2024-08-12 06:55:09'),
(634, 3, 10, 3, 0, 0, '2024-08-12 06:55:09', '2024-08-12 06:55:09'),
(635, 3, 11, 3, 0, 0, '2024-08-12 06:55:09', '2024-08-12 06:55:09'),
(636, 3, 12, 3, 0, 0, '2024-08-12 06:55:09', '2024-08-12 06:55:09'),
(637, 3, 9, 4, 0, 0, '2024-08-12 06:55:09', '2024-08-12 06:55:09'),
(638, 3, 10, 4, 0, 0, '2024-08-12 06:55:09', '2024-08-12 06:55:09'),
(639, 3, 11, 4, 0, 0, '2024-08-12 06:55:09', '2024-08-12 06:55:09'),
(640, 3, 12, 4, 0, 0, '2024-08-12 06:55:09', '2024-08-12 06:55:09'),
(641, 3, 9, 5, 0, 0, '2024-08-12 06:55:09', '2024-08-12 06:55:09'),
(642, 3, 10, 5, 0, 0, '2024-08-12 06:55:09', '2024-08-12 06:55:09'),
(643, 3, 11, 5, 0, 0, '2024-08-12 06:55:09', '2024-08-12 06:55:09'),
(644, 3, 12, 5, 0, 0, '2024-08-12 06:55:09', '2024-08-12 06:55:09'),
(645, 3, 9, 6, 0, 0, '2024-08-12 06:55:09', '2024-08-12 06:55:09'),
(646, 3, 10, 6, 0, 0, '2024-08-12 06:55:09', '2024-08-12 06:55:09'),
(647, 3, 11, 6, 0, 0, '2024-08-12 06:55:09', '2024-08-12 06:55:09'),
(648, 3, 12, 6, 0, 0, '2024-08-12 06:55:09', '2024-08-12 06:55:09'),
(649, 3, 9, 7, 0, 0, '2024-08-12 06:55:09', '2024-08-12 06:55:09'),
(650, 3, 10, 7, 0, 0, '2024-08-12 06:55:09', '2024-08-12 06:55:09'),
(651, 3, 11, 7, 0, 0, '2024-08-12 06:55:09', '2024-08-12 06:55:09'),
(652, 3, 12, 7, 0, 0, '2024-08-12 06:55:09', '2024-08-12 06:55:09'),
(653, 3, 9, 8, 0, 0, '2024-08-12 06:55:09', '2024-08-12 06:55:09'),
(654, 3, 10, 8, 0, 0, '2024-08-12 06:55:09', '2024-08-12 06:55:09'),
(655, 3, 11, 8, 0, 0, '2024-08-12 06:55:09', '2024-08-12 06:55:09'),
(656, 3, 12, 8, 0, 0, '2024-08-12 06:55:09', '2024-08-12 06:55:09'),
(657, 3, 9, 9, 0, 0, '2024-08-12 06:55:09', '2024-08-12 06:55:09'),
(658, 3, 10, 9, 0, 0, '2024-08-12 06:55:09', '2024-08-12 06:55:09'),
(659, 3, 11, 9, 0, 0, '2024-08-12 06:55:09', '2024-08-12 06:55:09'),
(660, 3, 12, 9, 0, 0, '2024-08-12 06:55:09', '2024-08-12 06:55:09'),
(661, 3, 9, 10, 0, 0, '2024-08-12 06:55:09', '2024-08-12 06:55:09'),
(662, 3, 10, 10, 0, 0, '2024-08-12 06:55:09', '2024-08-12 06:55:09'),
(663, 3, 11, 10, 0, 0, '2024-08-12 06:55:09', '2024-08-12 06:55:09'),
(664, 3, 12, 10, 0, 0, '2024-08-12 06:55:09', '2024-08-12 06:55:09'),
(665, 3, 9, 11, 0, 0, '2024-08-12 06:55:09', '2024-08-12 06:55:09'),
(666, 3, 10, 11, 0, 0, '2024-08-12 06:55:09', '2024-08-12 06:55:09'),
(667, 3, 11, 11, 0, 0, '2024-08-12 06:55:09', '2024-08-12 06:55:09'),
(668, 3, 12, 11, 0, 0, '2024-08-12 06:55:09', '2024-08-12 06:55:09'),
(669, 3, 9, 12, 0, 0, '2024-08-12 06:55:09', '2024-08-12 06:55:09'),
(670, 3, 10, 12, 0, 0, '2024-08-12 06:55:09', '2024-08-12 06:55:09'),
(671, 3, 11, 12, 0, 0, '2024-08-12 06:55:09', '2024-08-12 06:55:09'),
(672, 3, 12, 12, 0, 0, '2024-08-12 06:55:09', '2024-08-12 06:55:09'),
(673, 3, 9, 13, 0, 0, '2024-08-12 06:55:09', '2024-08-12 06:55:09'),
(674, 3, 10, 13, 0, 0, '2024-08-12 06:55:10', '2024-08-12 06:55:10'),
(675, 3, 11, 13, 0, 0, '2024-08-12 06:55:10', '2024-08-12 06:55:10'),
(676, 3, 12, 13, 0, 0, '2024-08-12 06:55:10', '2024-08-12 06:55:10'),
(677, 4, 9, 1, 0, 0, '2024-08-12 06:55:10', '2024-08-12 06:55:10'),
(678, 4, 10, 1, 0, 0, '2024-08-12 06:55:10', '2024-08-12 06:55:10'),
(679, 4, 11, 1, 0, 0, '2024-08-12 06:55:10', '2024-08-12 06:55:10'),
(680, 4, 12, 1, 0, 0, '2024-08-12 06:55:10', '2024-08-12 06:55:10'),
(681, 4, 9, 2, 0, 0, '2024-08-12 06:55:10', '2024-08-12 06:55:10'),
(682, 4, 10, 2, 0, 0, '2024-08-12 06:55:10', '2024-08-12 06:55:10'),
(683, 4, 11, 2, 0, 0, '2024-08-12 06:55:10', '2024-08-12 06:55:10'),
(684, 4, 12, 2, 0, 0, '2024-08-12 06:55:10', '2024-08-12 06:55:10'),
(685, 4, 9, 3, 0, 0, '2024-08-12 06:55:10', '2024-08-12 06:55:10'),
(686, 4, 10, 3, 0, 0, '2024-08-12 06:55:10', '2024-08-12 06:55:10'),
(687, 4, 11, 3, 0, 0, '2024-08-12 06:55:10', '2024-08-12 06:55:10'),
(688, 4, 12, 3, 0, 0, '2024-08-12 06:55:10', '2024-08-12 06:55:10'),
(689, 4, 9, 4, 0, 0, '2024-08-12 06:55:10', '2024-08-12 06:55:10'),
(690, 4, 10, 4, 0, 0, '2024-08-12 06:55:10', '2024-08-12 06:55:10'),
(691, 4, 11, 4, 0, 0, '2024-08-12 06:55:10', '2024-08-12 06:55:10'),
(692, 4, 12, 4, 0, 0, '2024-08-12 06:55:10', '2024-08-12 06:55:10'),
(693, 4, 9, 5, 0, 0, '2024-08-12 06:55:10', '2024-08-12 06:55:10'),
(694, 4, 10, 5, 0, 0, '2024-08-12 06:55:10', '2024-08-12 06:55:10'),
(695, 4, 11, 5, 0, 0, '2024-08-12 06:55:10', '2024-08-12 06:55:10'),
(696, 4, 12, 5, 0, 0, '2024-08-12 06:55:10', '2024-08-12 06:55:10'),
(697, 4, 9, 6, 0, 0, '2024-08-12 06:55:10', '2024-08-12 06:55:10'),
(698, 4, 10, 6, 0, 0, '2024-08-12 06:55:10', '2024-08-12 06:55:10'),
(699, 4, 11, 6, 0, 0, '2024-08-12 06:55:10', '2024-08-12 06:55:10'),
(700, 4, 12, 6, 0, 0, '2024-08-12 06:55:10', '2024-08-12 06:55:10'),
(701, 4, 9, 7, 0, 0, '2024-08-12 06:55:10', '2024-08-12 06:55:10'),
(702, 4, 10, 7, 0, 0, '2024-08-12 06:55:10', '2024-08-12 06:55:10'),
(703, 4, 11, 7, 0, 0, '2024-08-12 06:55:10', '2024-08-12 06:55:10'),
(704, 4, 12, 7, 0, 0, '2024-08-12 06:55:10', '2024-08-12 06:55:10'),
(705, 4, 9, 8, 0, 0, '2024-08-12 06:55:10', '2024-08-12 06:55:10'),
(706, 4, 10, 8, 0, 0, '2024-08-12 06:55:10', '2024-08-12 06:55:10'),
(707, 4, 11, 8, 0, 0, '2024-08-12 06:55:10', '2024-08-12 06:55:10'),
(708, 4, 12, 8, 0, 0, '2024-08-12 06:55:10', '2024-08-12 06:55:10'),
(709, 4, 9, 9, 0, 0, '2024-08-12 06:55:10', '2024-08-12 06:55:10'),
(710, 4, 10, 9, 0, 0, '2024-08-12 06:55:10', '2024-08-12 06:55:10'),
(711, 4, 11, 9, 0, 0, '2024-08-12 06:55:10', '2024-08-12 06:55:10'),
(712, 4, 12, 9, 0, 0, '2024-08-12 06:55:10', '2024-08-12 06:55:10'),
(713, 4, 9, 10, 0, 0, '2024-08-12 06:55:10', '2024-08-12 06:55:10'),
(714, 4, 10, 10, 0, 0, '2024-08-12 06:55:10', '2024-08-12 06:55:10'),
(715, 4, 11, 10, 0, 0, '2024-08-12 06:55:10', '2024-08-12 06:55:10'),
(716, 4, 12, 10, 0, 0, '2024-08-12 06:55:10', '2024-08-12 06:55:10'),
(717, 4, 9, 11, 0, 0, '2024-08-12 06:55:10', '2024-08-12 06:55:10'),
(718, 4, 10, 11, 0, 0, '2024-08-12 06:55:10', '2024-08-12 06:55:10'),
(719, 4, 11, 11, 0, 0, '2024-08-12 06:55:10', '2024-08-12 06:55:10'),
(720, 4, 12, 11, 0, 0, '2024-08-12 06:55:10', '2024-08-12 06:55:10'),
(721, 4, 9, 12, 0, 0, '2024-08-12 06:55:10', '2024-08-12 06:55:10'),
(722, 4, 10, 12, 0, 0, '2024-08-12 06:55:10', '2024-08-12 06:55:10'),
(723, 4, 11, 12, 0, 0, '2024-08-12 06:55:10', '2024-08-12 06:55:10'),
(724, 4, 12, 12, 0, 0, '2024-08-12 06:55:10', '2024-08-12 06:55:10'),
(725, 4, 9, 13, 0, 0, '2024-08-12 06:55:10', '2024-08-12 06:55:10'),
(726, 4, 10, 13, 0, 0, '2024-08-12 06:55:10', '2024-08-12 06:55:10'),
(727, 4, 11, 13, 0, 0, '2024-08-12 06:55:10', '2024-08-12 06:55:10'),
(728, 4, 12, 13, 0, 0, '2024-08-12 06:55:10', '2024-08-12 06:55:10'),
(729, 5, 9, 1, 0, 0, '2024-08-12 06:55:10', '2024-08-12 06:55:10'),
(730, 5, 10, 1, 0, 0, '2024-08-12 06:55:10', '2024-08-12 06:55:10'),
(731, 5, 11, 1, 0, 0, '2024-08-12 06:55:10', '2024-08-12 06:55:10'),
(732, 5, 12, 1, 0, 0, '2024-08-12 06:55:10', '2024-08-12 06:55:10'),
(733, 5, 9, 2, 0, 0, '2024-08-12 06:55:10', '2024-08-12 06:55:10'),
(734, 5, 10, 2, 0, 0, '2024-08-12 06:55:10', '2024-08-12 06:55:10'),
(735, 5, 11, 2, 0, 0, '2024-08-12 06:55:11', '2024-08-12 06:55:11'),
(736, 5, 12, 2, 0, 0, '2024-08-12 06:55:11', '2024-08-12 06:55:11'),
(737, 5, 9, 3, 0, 0, '2024-08-12 06:55:11', '2024-08-12 06:55:11'),
(738, 5, 10, 3, 0, 0, '2024-08-12 06:55:11', '2024-08-12 06:55:11'),
(739, 5, 11, 3, 0, 0, '2024-08-12 06:55:11', '2024-08-12 06:55:11'),
(740, 5, 12, 3, 0, 0, '2024-08-12 06:55:11', '2024-08-12 06:55:11'),
(741, 5, 9, 4, 0, 0, '2024-08-12 06:55:11', '2024-08-12 06:55:11'),
(742, 5, 10, 4, 0, 0, '2024-08-12 06:55:11', '2024-08-12 06:55:11'),
(743, 5, 11, 4, 0, 0, '2024-08-12 06:55:11', '2024-08-12 06:55:11'),
(744, 5, 12, 4, 0, 0, '2024-08-12 06:55:11', '2024-08-12 06:55:11'),
(745, 5, 9, 5, 0, 0, '2024-08-12 06:55:11', '2024-08-12 06:55:11'),
(746, 5, 10, 5, 0, 0, '2024-08-12 06:55:11', '2024-08-12 06:55:11'),
(747, 5, 11, 5, 0, 0, '2024-08-12 06:55:11', '2024-08-12 06:55:11'),
(748, 5, 12, 5, 0, 0, '2024-08-12 06:55:11', '2024-08-12 06:55:11'),
(749, 5, 9, 6, 0, 0, '2024-08-12 06:55:11', '2024-08-12 06:55:11'),
(750, 5, 10, 6, 0, 0, '2024-08-12 06:55:11', '2024-08-12 06:55:11'),
(751, 5, 11, 6, 0, 0, '2024-08-12 06:55:11', '2024-08-12 06:55:11');
INSERT INTO `ratings` (`id`, `judge_id`, `criteria_id`, `team_id`, `value`, `is_locked`, `created_at`, `updated_at`) VALUES
(752, 5, 12, 6, 0, 0, '2024-08-12 06:55:11', '2024-08-12 06:55:11'),
(753, 5, 9, 7, 0, 0, '2024-08-12 06:55:11', '2024-08-12 06:55:11'),
(754, 5, 10, 7, 0, 0, '2024-08-12 06:55:11', '2024-08-12 06:55:11'),
(755, 5, 11, 7, 0, 0, '2024-08-12 06:55:11', '2024-08-12 06:55:11'),
(756, 5, 12, 7, 0, 0, '2024-08-12 06:55:11', '2024-08-12 06:55:11'),
(757, 5, 9, 8, 0, 0, '2024-08-12 06:55:11', '2024-08-12 06:55:11'),
(758, 5, 10, 8, 0, 0, '2024-08-12 06:55:11', '2024-08-12 06:55:11'),
(759, 5, 11, 8, 0, 0, '2024-08-12 06:55:11', '2024-08-12 06:55:11'),
(760, 5, 12, 8, 0, 0, '2024-08-12 06:55:11', '2024-08-12 06:55:11'),
(761, 5, 9, 9, 0, 0, '2024-08-12 06:55:11', '2024-08-12 06:55:11'),
(762, 5, 10, 9, 0, 0, '2024-08-12 06:55:11', '2024-08-12 06:55:11'),
(763, 5, 11, 9, 0, 0, '2024-08-12 06:55:11', '2024-08-12 06:55:11'),
(764, 5, 12, 9, 0, 0, '2024-08-12 06:55:11', '2024-08-12 06:55:11'),
(765, 5, 9, 10, 0, 0, '2024-08-12 06:55:11', '2024-08-12 06:55:11'),
(766, 5, 10, 10, 0, 0, '2024-08-12 06:55:11', '2024-08-12 06:55:11'),
(767, 5, 11, 10, 0, 0, '2024-08-12 06:55:11', '2024-08-12 06:55:11'),
(768, 5, 12, 10, 0, 0, '2024-08-12 06:55:11', '2024-08-12 06:55:11'),
(769, 5, 9, 11, 0, 0, '2024-08-12 06:55:11', '2024-08-12 06:55:11'),
(770, 5, 10, 11, 0, 0, '2024-08-12 06:55:11', '2024-08-12 06:55:11'),
(771, 5, 11, 11, 0, 0, '2024-08-12 06:55:11', '2024-08-12 06:55:11'),
(772, 5, 12, 11, 0, 0, '2024-08-12 06:55:11', '2024-08-12 06:55:11'),
(773, 5, 9, 12, 0, 0, '2024-08-12 06:55:11', '2024-08-12 06:55:11'),
(774, 5, 10, 12, 0, 0, '2024-08-12 06:55:11', '2024-08-12 06:55:11'),
(775, 5, 11, 12, 0, 0, '2024-08-12 06:55:11', '2024-08-12 06:55:11'),
(776, 5, 12, 12, 0, 0, '2024-08-12 06:55:11', '2024-08-12 06:55:11'),
(777, 5, 9, 13, 0, 0, '2024-08-12 06:55:11', '2024-08-12 06:55:11'),
(778, 5, 10, 13, 0, 0, '2024-08-12 06:55:11', '2024-08-12 06:55:11'),
(779, 5, 11, 13, 0, 0, '2024-08-12 06:55:11', '2024-08-12 06:55:11'),
(780, 5, 12, 13, 0, 0, '2024-08-12 06:55:11', '2024-08-12 06:55:11'),
(781, 1, 13, 1, 0, 0, '2024-08-12 06:55:12', '2024-08-12 06:55:12'),
(782, 1, 14, 1, 0, 0, '2024-08-12 06:55:12', '2024-08-12 06:55:12'),
(783, 1, 15, 1, 0, 0, '2024-08-12 06:55:12', '2024-08-12 06:55:12'),
(784, 1, 13, 2, 0, 0, '2024-08-12 06:55:12', '2024-08-12 06:55:12'),
(785, 1, 14, 2, 0, 0, '2024-08-12 06:55:12', '2024-08-12 06:55:12'),
(786, 1, 15, 2, 0, 0, '2024-08-12 06:55:12', '2024-08-12 06:55:12'),
(787, 1, 13, 3, 0, 0, '2024-08-12 06:55:12', '2024-08-12 06:55:12'),
(788, 1, 14, 3, 0, 0, '2024-08-12 06:55:13', '2024-08-12 06:55:13'),
(789, 1, 15, 3, 0, 0, '2024-08-12 06:55:13', '2024-08-12 06:55:13'),
(790, 1, 13, 4, 0, 0, '2024-08-12 06:55:13', '2024-08-12 06:55:13'),
(791, 1, 14, 4, 0, 0, '2024-08-12 06:55:13', '2024-08-12 06:55:13'),
(792, 1, 15, 4, 0, 0, '2024-08-12 06:55:13', '2024-08-12 06:55:13'),
(793, 1, 13, 5, 0, 0, '2024-08-12 06:55:13', '2024-08-12 06:55:13'),
(794, 1, 14, 5, 0, 0, '2024-08-12 06:55:13', '2024-08-12 06:55:13'),
(795, 1, 15, 5, 0, 0, '2024-08-12 06:55:13', '2024-08-12 06:55:13'),
(796, 1, 13, 6, 0, 0, '2024-08-12 06:55:13', '2024-08-12 06:55:13'),
(797, 1, 14, 6, 0, 0, '2024-08-12 06:55:13', '2024-08-12 06:55:13'),
(798, 1, 15, 6, 0, 0, '2024-08-12 06:55:13', '2024-08-12 06:55:13'),
(799, 1, 13, 7, 0, 0, '2024-08-12 06:55:13', '2024-08-12 06:55:13'),
(800, 1, 14, 7, 0, 0, '2024-08-12 06:55:13', '2024-08-12 06:55:13'),
(801, 1, 15, 7, 0, 0, '2024-08-12 06:55:13', '2024-08-12 06:55:13'),
(802, 1, 13, 8, 0, 0, '2024-08-12 06:55:13', '2024-08-12 06:55:13'),
(803, 1, 14, 8, 0, 0, '2024-08-12 06:55:13', '2024-08-12 06:55:13'),
(804, 1, 15, 8, 0, 0, '2024-08-12 06:55:13', '2024-08-12 06:55:13'),
(805, 1, 13, 9, 0, 0, '2024-08-12 06:55:13', '2024-08-12 06:55:13'),
(806, 1, 14, 9, 0, 0, '2024-08-12 06:55:13', '2024-08-12 06:55:13'),
(807, 1, 15, 9, 0, 0, '2024-08-12 06:55:13', '2024-08-12 06:55:13'),
(808, 1, 13, 10, 0, 0, '2024-08-12 06:55:13', '2024-08-12 06:55:13'),
(809, 1, 14, 10, 0, 0, '2024-08-12 06:55:13', '2024-08-12 06:55:13'),
(810, 1, 15, 10, 0, 0, '2024-08-12 06:55:13', '2024-08-12 06:55:13'),
(811, 1, 13, 11, 0, 0, '2024-08-12 06:55:13', '2024-08-12 06:55:13'),
(812, 1, 14, 11, 0, 0, '2024-08-12 06:55:13', '2024-08-12 06:55:13'),
(813, 1, 15, 11, 0, 0, '2024-08-12 06:55:13', '2024-08-12 06:55:13'),
(814, 1, 13, 12, 0, 0, '2024-08-12 06:55:13', '2024-08-12 06:55:13'),
(815, 1, 14, 12, 0, 0, '2024-08-12 06:55:13', '2024-08-12 06:55:13'),
(816, 1, 15, 12, 0, 0, '2024-08-12 06:55:13', '2024-08-12 06:55:13'),
(817, 1, 13, 13, 0, 0, '2024-08-12 06:55:13', '2024-08-12 06:55:13'),
(818, 1, 14, 13, 0, 0, '2024-08-12 06:55:13', '2024-08-12 06:55:13'),
(819, 1, 15, 13, 0, 0, '2024-08-12 06:55:13', '2024-08-12 06:55:13'),
(820, 2, 13, 1, 0, 0, '2024-08-12 06:55:13', '2024-08-12 06:55:13'),
(821, 2, 14, 1, 0, 0, '2024-08-12 06:55:13', '2024-08-12 06:55:13'),
(822, 2, 15, 1, 0, 0, '2024-08-12 06:55:13', '2024-08-12 06:55:13'),
(823, 2, 13, 2, 0, 0, '2024-08-12 06:55:13', '2024-08-12 06:55:13'),
(824, 2, 14, 2, 0, 0, '2024-08-12 06:55:13', '2024-08-12 06:55:13'),
(825, 2, 15, 2, 0, 0, '2024-08-12 06:55:13', '2024-08-12 06:55:13'),
(826, 2, 13, 3, 0, 0, '2024-08-12 06:55:13', '2024-08-12 06:55:13'),
(827, 2, 14, 3, 0, 0, '2024-08-12 06:55:13', '2024-08-12 06:55:13'),
(828, 2, 15, 3, 0, 0, '2024-08-12 06:55:13', '2024-08-12 06:55:13'),
(829, 2, 13, 4, 0, 0, '2024-08-12 06:55:13', '2024-08-12 06:55:13'),
(830, 2, 14, 4, 0, 0, '2024-08-12 06:55:13', '2024-08-12 06:55:13'),
(831, 2, 15, 4, 0, 0, '2024-08-12 06:55:13', '2024-08-12 06:55:13'),
(832, 2, 13, 5, 0, 0, '2024-08-12 06:55:13', '2024-08-12 06:55:13'),
(833, 2, 14, 5, 0, 0, '2024-08-12 06:55:13', '2024-08-12 06:55:13'),
(834, 2, 15, 5, 0, 0, '2024-08-12 06:55:13', '2024-08-12 06:55:13'),
(835, 2, 13, 6, 0, 0, '2024-08-12 06:55:13', '2024-08-12 06:55:13'),
(836, 2, 14, 6, 0, 0, '2024-08-12 06:55:13', '2024-08-12 06:55:13'),
(837, 2, 15, 6, 0, 0, '2024-08-12 06:55:13', '2024-08-12 06:55:13'),
(838, 2, 13, 7, 0, 0, '2024-08-12 06:55:13', '2024-08-12 06:55:13'),
(839, 2, 14, 7, 0, 0, '2024-08-12 06:55:13', '2024-08-12 06:55:13'),
(840, 2, 15, 7, 0, 0, '2024-08-12 06:55:13', '2024-08-12 06:55:13'),
(841, 2, 13, 8, 0, 0, '2024-08-12 06:55:13', '2024-08-12 06:55:13'),
(842, 2, 14, 8, 0, 0, '2024-08-12 06:55:13', '2024-08-12 06:55:13'),
(843, 2, 15, 8, 0, 0, '2024-08-12 06:55:13', '2024-08-12 06:55:13'),
(844, 2, 13, 9, 0, 0, '2024-08-12 06:55:13', '2024-08-12 06:55:13'),
(845, 2, 14, 9, 0, 0, '2024-08-12 06:55:13', '2024-08-12 06:55:13'),
(846, 2, 15, 9, 0, 0, '2024-08-12 06:55:13', '2024-08-12 06:55:13'),
(847, 2, 13, 10, 0, 0, '2024-08-12 06:55:13', '2024-08-12 06:55:13'),
(848, 2, 14, 10, 0, 0, '2024-08-12 06:55:13', '2024-08-12 06:55:13'),
(849, 2, 15, 10, 0, 0, '2024-08-12 06:55:13', '2024-08-12 06:55:13'),
(850, 2, 13, 11, 0, 0, '2024-08-12 06:55:13', '2024-08-12 06:55:13'),
(851, 2, 14, 11, 0, 0, '2024-08-12 06:55:14', '2024-08-12 06:55:14'),
(852, 2, 15, 11, 0, 0, '2024-08-12 06:55:14', '2024-08-12 06:55:14'),
(853, 2, 13, 12, 0, 0, '2024-08-12 06:55:14', '2024-08-12 06:55:14'),
(854, 2, 14, 12, 0, 0, '2024-08-12 06:55:14', '2024-08-12 06:55:14'),
(855, 2, 15, 12, 0, 0, '2024-08-12 06:55:14', '2024-08-12 06:55:14'),
(856, 2, 13, 13, 0, 0, '2024-08-12 06:55:14', '2024-08-12 06:55:14'),
(857, 2, 14, 13, 0, 0, '2024-08-12 06:55:14', '2024-08-12 06:55:14'),
(858, 2, 15, 13, 0, 0, '2024-08-12 06:55:14', '2024-08-12 06:55:14'),
(859, 3, 13, 1, 0, 0, '2024-08-12 06:55:14', '2024-08-12 06:55:14'),
(860, 3, 14, 1, 0, 0, '2024-08-12 06:55:14', '2024-08-12 06:55:14'),
(861, 3, 15, 1, 0, 0, '2024-08-12 06:55:14', '2024-08-12 06:55:14'),
(862, 3, 13, 2, 0, 0, '2024-08-12 06:55:14', '2024-08-12 06:55:14'),
(863, 3, 14, 2, 0, 0, '2024-08-12 06:55:14', '2024-08-12 06:55:14'),
(864, 3, 15, 2, 0, 0, '2024-08-12 06:55:14', '2024-08-12 06:55:14'),
(865, 3, 13, 3, 0, 0, '2024-08-12 06:55:14', '2024-08-12 06:55:14'),
(866, 3, 14, 3, 0, 0, '2024-08-12 06:55:14', '2024-08-12 06:55:14'),
(867, 3, 15, 3, 0, 0, '2024-08-12 06:55:14', '2024-08-12 06:55:14'),
(868, 3, 13, 4, 0, 0, '2024-08-12 06:55:14', '2024-08-12 06:55:14'),
(869, 3, 14, 4, 0, 0, '2024-08-12 06:55:14', '2024-08-12 06:55:14'),
(870, 3, 15, 4, 0, 0, '2024-08-12 06:55:14', '2024-08-12 06:55:14'),
(871, 3, 13, 5, 0, 0, '2024-08-12 06:55:14', '2024-08-12 06:55:14'),
(872, 3, 14, 5, 0, 0, '2024-08-12 06:55:14', '2024-08-12 06:55:14'),
(873, 3, 15, 5, 0, 0, '2024-08-12 06:55:14', '2024-08-12 06:55:14'),
(874, 3, 13, 6, 0, 0, '2024-08-12 06:55:14', '2024-08-12 06:55:14'),
(875, 3, 14, 6, 0, 0, '2024-08-12 06:55:14', '2024-08-12 06:55:14'),
(876, 3, 15, 6, 0, 0, '2024-08-12 06:55:14', '2024-08-12 06:55:14'),
(877, 3, 13, 7, 0, 0, '2024-08-12 06:55:14', '2024-08-12 06:55:14'),
(878, 3, 14, 7, 0, 0, '2024-08-12 06:55:14', '2024-08-12 06:55:14'),
(879, 3, 15, 7, 0, 0, '2024-08-12 06:55:14', '2024-08-12 06:55:14'),
(880, 3, 13, 8, 0, 0, '2024-08-12 06:55:14', '2024-08-12 06:55:14'),
(881, 3, 14, 8, 0, 0, '2024-08-12 06:55:14', '2024-08-12 06:55:14'),
(882, 3, 15, 8, 0, 0, '2024-08-12 06:55:14', '2024-08-12 06:55:14'),
(883, 3, 13, 9, 0, 0, '2024-08-12 06:55:14', '2024-08-12 06:55:14'),
(884, 3, 14, 9, 0, 0, '2024-08-12 06:55:14', '2024-08-12 06:55:14'),
(885, 3, 15, 9, 0, 0, '2024-08-12 06:55:14', '2024-08-12 06:55:14'),
(886, 3, 13, 10, 0, 0, '2024-08-12 06:55:14', '2024-08-12 06:55:14'),
(887, 3, 14, 10, 0, 0, '2024-08-12 06:55:14', '2024-08-12 06:55:14'),
(888, 3, 15, 10, 0, 0, '2024-08-12 06:55:14', '2024-08-12 06:55:14'),
(889, 3, 13, 11, 0, 0, '2024-08-12 06:55:14', '2024-08-12 06:55:14'),
(890, 3, 14, 11, 0, 0, '2024-08-12 06:55:14', '2024-08-12 06:55:14'),
(891, 3, 15, 11, 0, 0, '2024-08-12 06:55:14', '2024-08-12 06:55:14'),
(892, 3, 13, 12, 0, 0, '2024-08-12 06:55:14', '2024-08-12 06:55:14'),
(893, 3, 14, 12, 0, 0, '2024-08-12 06:55:14', '2024-08-12 06:55:14'),
(894, 3, 15, 12, 0, 0, '2024-08-12 06:55:14', '2024-08-12 06:55:14'),
(895, 3, 13, 13, 0, 0, '2024-08-12 06:55:14', '2024-08-12 06:55:14'),
(896, 3, 14, 13, 0, 0, '2024-08-12 06:55:14', '2024-08-12 06:55:14'),
(897, 3, 15, 13, 0, 0, '2024-08-12 06:55:14', '2024-08-12 06:55:14'),
(898, 4, 13, 1, 0, 0, '2024-08-12 06:55:14', '2024-08-12 06:55:14'),
(899, 4, 14, 1, 0, 0, '2024-08-12 06:55:14', '2024-08-12 06:55:14'),
(900, 4, 15, 1, 0, 0, '2024-08-12 06:55:14', '2024-08-12 06:55:14'),
(901, 4, 13, 2, 0, 0, '2024-08-12 06:55:14', '2024-08-12 06:55:14'),
(902, 4, 14, 2, 0, 0, '2024-08-12 06:55:14', '2024-08-12 06:55:14'),
(903, 4, 15, 2, 0, 0, '2024-08-12 06:55:14', '2024-08-12 06:55:14'),
(904, 4, 13, 3, 0, 0, '2024-08-12 06:55:14', '2024-08-12 06:55:14'),
(905, 4, 14, 3, 0, 0, '2024-08-12 06:55:14', '2024-08-12 06:55:14'),
(906, 4, 15, 3, 0, 0, '2024-08-12 06:55:14', '2024-08-12 06:55:14'),
(907, 4, 13, 4, 0, 0, '2024-08-12 06:55:14', '2024-08-12 06:55:14'),
(908, 4, 14, 4, 0, 0, '2024-08-12 06:55:14', '2024-08-12 06:55:14'),
(909, 4, 15, 4, 0, 0, '2024-08-12 06:55:14', '2024-08-12 06:55:14'),
(910, 4, 13, 5, 0, 0, '2024-08-12 06:55:15', '2024-08-12 06:55:15'),
(911, 4, 14, 5, 0, 0, '2024-08-12 06:55:15', '2024-08-12 06:55:15'),
(912, 4, 15, 5, 0, 0, '2024-08-12 06:55:15', '2024-08-12 06:55:15'),
(913, 4, 13, 6, 0, 0, '2024-08-12 06:55:15', '2024-08-12 06:55:15'),
(914, 4, 14, 6, 0, 0, '2024-08-12 06:55:15', '2024-08-12 06:55:15'),
(915, 4, 15, 6, 0, 0, '2024-08-12 06:55:15', '2024-08-12 06:55:15'),
(916, 4, 13, 7, 0, 0, '2024-08-12 06:55:15', '2024-08-12 06:55:15'),
(917, 4, 14, 7, 0, 0, '2024-08-12 06:55:15', '2024-08-12 06:55:15'),
(918, 4, 15, 7, 0, 0, '2024-08-12 06:55:15', '2024-08-12 06:55:15'),
(919, 4, 13, 8, 0, 0, '2024-08-12 06:55:15', '2024-08-12 06:55:15'),
(920, 4, 14, 8, 0, 0, '2024-08-12 06:55:15', '2024-08-12 06:55:15'),
(921, 4, 15, 8, 0, 0, '2024-08-12 06:55:15', '2024-08-12 06:55:15'),
(922, 4, 13, 9, 0, 0, '2024-08-12 06:55:15', '2024-08-12 06:55:15'),
(923, 4, 14, 9, 0, 0, '2024-08-12 06:55:15', '2024-08-12 06:55:15'),
(924, 4, 15, 9, 0, 0, '2024-08-12 06:55:15', '2024-08-12 06:55:15'),
(925, 4, 13, 10, 0, 0, '2024-08-12 06:55:15', '2024-08-12 06:55:15'),
(926, 4, 14, 10, 0, 0, '2024-08-12 06:55:15', '2024-08-12 06:55:15'),
(927, 4, 15, 10, 0, 0, '2024-08-12 06:55:15', '2024-08-12 06:55:15'),
(928, 4, 13, 11, 0, 0, '2024-08-12 06:55:15', '2024-08-12 06:55:15'),
(929, 4, 14, 11, 0, 0, '2024-08-12 06:55:15', '2024-08-12 06:55:15'),
(930, 4, 15, 11, 0, 0, '2024-08-12 06:55:15', '2024-08-12 06:55:15'),
(931, 4, 13, 12, 0, 0, '2024-08-12 06:55:15', '2024-08-12 06:55:15'),
(932, 4, 14, 12, 0, 0, '2024-08-12 06:55:15', '2024-08-12 06:55:15'),
(933, 4, 15, 12, 0, 0, '2024-08-12 06:55:15', '2024-08-12 06:55:15'),
(934, 4, 13, 13, 0, 0, '2024-08-12 06:55:15', '2024-08-12 06:55:15'),
(935, 4, 14, 13, 0, 0, '2024-08-12 06:55:15', '2024-08-12 06:55:15'),
(936, 4, 15, 13, 0, 0, '2024-08-12 06:55:15', '2024-08-12 06:55:15'),
(937, 5, 13, 1, 0, 0, '2024-08-12 06:55:15', '2024-08-12 06:55:15'),
(938, 5, 14, 1, 0, 0, '2024-08-12 06:55:15', '2024-08-12 06:55:15'),
(939, 5, 15, 1, 0, 0, '2024-08-12 06:55:15', '2024-08-12 06:55:15'),
(940, 5, 13, 2, 0, 0, '2024-08-12 06:55:15', '2024-08-12 06:55:15'),
(941, 5, 14, 2, 0, 0, '2024-08-12 06:55:15', '2024-08-12 06:55:15'),
(942, 5, 15, 2, 0, 0, '2024-08-12 06:55:15', '2024-08-12 06:55:15'),
(943, 5, 13, 3, 0, 0, '2024-08-12 06:55:15', '2024-08-12 06:55:15'),
(944, 5, 14, 3, 0, 0, '2024-08-12 06:55:15', '2024-08-12 06:55:15'),
(945, 5, 15, 3, 0, 0, '2024-08-12 06:55:15', '2024-08-12 06:55:15'),
(946, 5, 13, 4, 0, 0, '2024-08-12 06:55:15', '2024-08-12 06:55:15'),
(947, 5, 14, 4, 0, 0, '2024-08-12 06:55:15', '2024-08-12 06:55:15'),
(948, 5, 15, 4, 0, 0, '2024-08-12 06:55:15', '2024-08-12 06:55:15'),
(949, 5, 13, 5, 0, 0, '2024-08-12 06:55:15', '2024-08-12 06:55:15'),
(950, 5, 14, 5, 0, 0, '2024-08-12 06:55:15', '2024-08-12 06:55:15'),
(951, 5, 15, 5, 0, 0, '2024-08-12 06:55:15', '2024-08-12 06:55:15'),
(952, 5, 13, 6, 0, 0, '2024-08-12 06:55:15', '2024-08-12 06:55:15'),
(953, 5, 14, 6, 0, 0, '2024-08-12 06:55:15', '2024-08-12 06:55:15'),
(954, 5, 15, 6, 0, 0, '2024-08-12 06:55:15', '2024-08-12 06:55:15'),
(955, 5, 13, 7, 0, 0, '2024-08-12 06:55:15', '2024-08-12 06:55:15'),
(956, 5, 14, 7, 0, 0, '2024-08-12 06:55:15', '2024-08-12 06:55:15'),
(957, 5, 15, 7, 0, 0, '2024-08-12 06:55:15', '2024-08-12 06:55:15'),
(958, 5, 13, 8, 0, 0, '2024-08-12 06:55:15', '2024-08-12 06:55:15'),
(959, 5, 14, 8, 0, 0, '2024-08-12 06:55:15', '2024-08-12 06:55:15'),
(960, 5, 15, 8, 0, 0, '2024-08-12 06:55:15', '2024-08-12 06:55:15'),
(961, 5, 13, 9, 0, 0, '2024-08-12 06:55:15', '2024-08-12 06:55:15'),
(962, 5, 14, 9, 0, 0, '2024-08-12 06:55:15', '2024-08-12 06:55:15'),
(963, 5, 15, 9, 0, 0, '2024-08-12 06:55:15', '2024-08-12 06:55:15'),
(964, 5, 13, 10, 0, 0, '2024-08-12 06:55:15', '2024-08-12 06:55:15'),
(965, 5, 14, 10, 0, 0, '2024-08-12 06:55:15', '2024-08-12 06:55:15'),
(966, 5, 15, 10, 0, 0, '2024-08-12 06:55:15', '2024-08-12 06:55:15'),
(967, 5, 13, 11, 0, 0, '2024-08-12 06:55:15', '2024-08-12 06:55:15'),
(968, 5, 14, 11, 0, 0, '2024-08-12 06:55:15', '2024-08-12 06:55:15'),
(969, 5, 15, 11, 0, 0, '2024-08-12 06:55:16', '2024-08-12 06:55:16'),
(970, 5, 13, 12, 0, 0, '2024-08-12 06:55:16', '2024-08-12 06:55:16'),
(971, 5, 14, 12, 0, 0, '2024-08-12 06:55:16', '2024-08-12 06:55:16'),
(972, 5, 15, 12, 0, 0, '2024-08-12 06:55:16', '2024-08-12 06:55:16'),
(973, 5, 13, 13, 0, 0, '2024-08-12 06:55:16', '2024-08-12 06:55:16'),
(974, 5, 14, 13, 0, 0, '2024-08-12 06:55:16', '2024-08-12 06:55:16'),
(975, 5, 15, 13, 0, 0, '2024-08-12 06:55:16', '2024-08-12 06:55:16'),
(976, 1, 17, 13, 0, 0, '2024-08-12 06:55:18', '2024-08-12 06:55:18'),
(977, 1, 18, 13, 0, 0, '2024-08-12 06:55:18', '2024-08-12 06:55:18'),
(978, 1, 19, 13, 0, 0, '2024-08-12 06:55:18', '2024-08-12 06:55:18'),
(979, 1, 20, 13, 0, 0, '2024-08-12 06:55:18', '2024-08-12 06:55:18'),
(980, 2, 17, 13, 0, 0, '2024-08-12 06:55:18', '2024-08-12 06:55:18'),
(981, 2, 18, 13, 0, 0, '2024-08-12 06:55:18', '2024-08-12 06:55:18'),
(982, 2, 19, 13, 0, 0, '2024-08-12 06:55:18', '2024-08-12 06:55:18'),
(983, 2, 20, 13, 0, 0, '2024-08-12 06:55:18', '2024-08-12 06:55:18'),
(984, 3, 17, 13, 0, 0, '2024-08-12 06:55:18', '2024-08-12 06:55:18'),
(985, 3, 18, 13, 0, 0, '2024-08-12 06:55:18', '2024-08-12 06:55:18'),
(986, 3, 19, 13, 0, 0, '2024-08-12 06:55:18', '2024-08-12 06:55:18'),
(987, 3, 20, 13, 0, 0, '2024-08-12 06:55:18', '2024-08-12 06:55:18'),
(988, 4, 17, 13, 0, 0, '2024-08-12 06:55:18', '2024-08-12 06:55:18'),
(989, 4, 18, 13, 0, 0, '2024-08-12 06:55:18', '2024-08-12 06:55:18'),
(990, 4, 19, 13, 0, 0, '2024-08-12 06:55:18', '2024-08-12 06:55:18'),
(991, 4, 20, 13, 0, 0, '2024-08-12 06:55:18', '2024-08-12 06:55:18'),
(992, 5, 17, 13, 0, 0, '2024-08-12 06:55:18', '2024-08-12 06:55:18'),
(993, 5, 18, 13, 0, 0, '2024-08-12 06:55:18', '2024-08-12 06:55:18'),
(994, 5, 19, 13, 0, 0, '2024-08-12 06:55:18', '2024-08-12 06:55:18'),
(995, 5, 20, 13, 0, 0, '2024-08-12 06:55:18', '2024-08-12 06:55:18'),
(996, 1, 17, 11, 0, 0, '2024-08-12 06:55:43', '2024-08-12 06:55:43'),
(997, 1, 18, 11, 0, 0, '2024-08-12 06:55:43', '2024-08-12 06:55:43'),
(998, 1, 19, 11, 0, 0, '2024-08-12 06:55:43', '2024-08-12 06:55:43'),
(999, 1, 20, 11, 0, 0, '2024-08-12 06:55:43', '2024-08-12 06:55:43'),
(1000, 1, 17, 12, 0, 0, '2024-08-12 06:55:43', '2024-08-12 06:55:43'),
(1001, 1, 18, 12, 0, 0, '2024-08-12 06:55:43', '2024-08-12 06:55:43'),
(1002, 1, 19, 12, 0, 0, '2024-08-12 06:55:43', '2024-08-12 06:55:43'),
(1003, 1, 20, 12, 0, 0, '2024-08-12 06:55:43', '2024-08-12 06:55:43'),
(1004, 2, 17, 11, 0, 0, '2024-08-12 06:55:43', '2024-08-12 06:55:43'),
(1005, 2, 18, 11, 0, 0, '2024-08-12 06:55:43', '2024-08-12 06:55:43'),
(1006, 2, 19, 11, 0, 0, '2024-08-12 06:55:43', '2024-08-12 06:55:43'),
(1007, 2, 20, 11, 0, 0, '2024-08-12 06:55:43', '2024-08-12 06:55:43'),
(1008, 2, 17, 12, 0, 0, '2024-08-12 06:55:43', '2024-08-12 06:55:43'),
(1009, 2, 18, 12, 0, 0, '2024-08-12 06:55:43', '2024-08-12 06:55:43'),
(1010, 2, 19, 12, 0, 0, '2024-08-12 06:55:43', '2024-08-12 06:55:43'),
(1011, 2, 20, 12, 0, 0, '2024-08-12 06:55:43', '2024-08-12 06:55:43'),
(1012, 3, 17, 11, 0, 0, '2024-08-12 06:55:43', '2024-08-12 06:55:43'),
(1013, 3, 18, 11, 0, 0, '2024-08-12 06:55:43', '2024-08-12 06:55:43'),
(1014, 3, 19, 11, 0, 0, '2024-08-12 06:55:43', '2024-08-12 06:55:43'),
(1015, 3, 20, 11, 0, 0, '2024-08-12 06:55:43', '2024-08-12 06:55:43'),
(1016, 3, 17, 12, 0, 0, '2024-08-12 06:55:43', '2024-08-12 06:55:43'),
(1017, 3, 18, 12, 0, 0, '2024-08-12 06:55:43', '2024-08-12 06:55:43'),
(1018, 3, 19, 12, 0, 0, '2024-08-12 06:55:43', '2024-08-12 06:55:43'),
(1019, 3, 20, 12, 0, 0, '2024-08-12 06:55:43', '2024-08-12 06:55:43'),
(1020, 4, 17, 11, 0, 0, '2024-08-12 06:55:43', '2024-08-12 06:55:43'),
(1021, 4, 18, 11, 0, 0, '2024-08-12 06:55:43', '2024-08-12 06:55:43'),
(1022, 4, 19, 11, 0, 0, '2024-08-12 06:55:43', '2024-08-12 06:55:43'),
(1023, 4, 20, 11, 0, 0, '2024-08-12 06:55:43', '2024-08-12 06:55:43'),
(1024, 4, 17, 12, 0, 0, '2024-08-12 06:55:43', '2024-08-12 06:55:43'),
(1025, 4, 18, 12, 0, 0, '2024-08-12 06:55:43', '2024-08-12 06:55:43'),
(1026, 4, 19, 12, 0, 0, '2024-08-12 06:55:43', '2024-08-12 06:55:43'),
(1027, 4, 20, 12, 0, 0, '2024-08-12 06:55:43', '2024-08-12 06:55:43'),
(1028, 5, 17, 11, 0, 0, '2024-08-12 06:55:44', '2024-08-12 06:55:44'),
(1029, 5, 18, 11, 0, 0, '2024-08-12 06:55:44', '2024-08-12 06:55:44'),
(1030, 5, 19, 11, 0, 0, '2024-08-12 06:55:44', '2024-08-12 06:55:44'),
(1031, 5, 20, 11, 0, 0, '2024-08-12 06:55:44', '2024-08-12 06:55:44'),
(1032, 5, 17, 12, 0, 0, '2024-08-12 06:55:44', '2024-08-12 06:55:44'),
(1033, 5, 18, 12, 0, 0, '2024-08-12 06:55:44', '2024-08-12 06:55:44'),
(1034, 5, 19, 12, 0, 0, '2024-08-12 06:55:44', '2024-08-12 06:55:44'),
(1035, 5, 20, 12, 0, 0, '2024-08-12 06:55:44', '2024-08-12 06:55:44'),
(1036, 1, 17, 9, 0, 0, '2024-08-12 06:55:47', '2024-08-12 06:55:47'),
(1037, 1, 18, 9, 0, 0, '2024-08-12 06:55:47', '2024-08-12 06:55:47'),
(1038, 1, 19, 9, 0, 0, '2024-08-12 06:55:47', '2024-08-12 06:55:47'),
(1039, 1, 20, 9, 0, 0, '2024-08-12 06:55:47', '2024-08-12 06:55:47'),
(1040, 1, 17, 10, 0, 0, '2024-08-12 06:55:47', '2024-08-12 06:55:47'),
(1041, 1, 18, 10, 0, 0, '2024-08-12 06:55:47', '2024-08-12 06:55:47'),
(1042, 1, 19, 10, 0, 0, '2024-08-12 06:55:47', '2024-08-12 06:55:47'),
(1043, 1, 20, 10, 0, 0, '2024-08-12 06:55:47', '2024-08-12 06:55:47'),
(1044, 2, 17, 9, 0, 0, '2024-08-12 06:55:47', '2024-08-12 06:55:47'),
(1045, 2, 18, 9, 0, 0, '2024-08-12 06:55:47', '2024-08-12 06:55:47'),
(1046, 2, 19, 9, 0, 0, '2024-08-12 06:55:47', '2024-08-12 06:55:47'),
(1047, 2, 20, 9, 0, 0, '2024-08-12 06:55:47', '2024-08-12 06:55:47'),
(1048, 2, 17, 10, 0, 0, '2024-08-12 06:55:47', '2024-08-12 06:55:47'),
(1049, 2, 18, 10, 0, 0, '2024-08-12 06:55:47', '2024-08-12 06:55:47'),
(1050, 2, 19, 10, 0, 0, '2024-08-12 06:55:47', '2024-08-12 06:55:47'),
(1051, 2, 20, 10, 0, 0, '2024-08-12 06:55:47', '2024-08-12 06:55:47'),
(1052, 3, 17, 9, 0, 0, '2024-08-12 06:55:47', '2024-08-12 06:55:47'),
(1053, 3, 18, 9, 0, 0, '2024-08-12 06:55:47', '2024-08-12 06:55:47'),
(1054, 3, 19, 9, 0, 0, '2024-08-12 06:55:47', '2024-08-12 06:55:47'),
(1055, 3, 20, 9, 0, 0, '2024-08-12 06:55:47', '2024-08-12 06:55:47'),
(1056, 3, 17, 10, 0, 0, '2024-08-12 06:55:47', '2024-08-12 06:55:47'),
(1057, 3, 18, 10, 0, 0, '2024-08-12 06:55:47', '2024-08-12 06:55:47'),
(1058, 3, 19, 10, 0, 0, '2024-08-12 06:55:47', '2024-08-12 06:55:47'),
(1059, 3, 20, 10, 0, 0, '2024-08-12 06:55:47', '2024-08-12 06:55:47'),
(1060, 4, 17, 9, 0, 0, '2024-08-12 06:55:48', '2024-08-12 06:55:48'),
(1061, 4, 18, 9, 0, 0, '2024-08-12 06:55:48', '2024-08-12 06:55:48'),
(1062, 4, 19, 9, 0, 0, '2024-08-12 06:55:48', '2024-08-12 06:55:48'),
(1063, 4, 20, 9, 0, 0, '2024-08-12 06:55:48', '2024-08-12 06:55:48'),
(1064, 4, 17, 10, 0, 0, '2024-08-12 06:55:48', '2024-08-12 06:55:48'),
(1065, 4, 18, 10, 0, 0, '2024-08-12 06:55:48', '2024-08-12 06:55:48'),
(1066, 4, 19, 10, 0, 0, '2024-08-12 06:55:48', '2024-08-12 06:55:48'),
(1067, 4, 20, 10, 0, 0, '2024-08-12 06:55:48', '2024-08-12 06:55:48'),
(1068, 5, 17, 9, 0, 0, '2024-08-12 06:55:48', '2024-08-12 06:55:48'),
(1069, 5, 18, 9, 0, 0, '2024-08-12 06:55:48', '2024-08-12 06:55:48'),
(1070, 5, 19, 9, 0, 0, '2024-08-12 06:55:48', '2024-08-12 06:55:48'),
(1071, 5, 20, 9, 0, 0, '2024-08-12 06:55:48', '2024-08-12 06:55:48'),
(1072, 5, 17, 10, 0, 0, '2024-08-12 06:55:48', '2024-08-12 06:55:48'),
(1073, 5, 18, 10, 0, 0, '2024-08-12 06:55:48', '2024-08-12 06:55:48'),
(1074, 5, 19, 10, 0, 0, '2024-08-12 06:55:48', '2024-08-12 06:55:48'),
(1075, 5, 20, 10, 0, 0, '2024-08-12 06:55:48', '2024-08-12 06:55:48'),
(1076, 1, 17, 7, 0, 0, '2024-08-12 06:55:51', '2024-08-12 06:55:51'),
(1077, 1, 18, 7, 0, 0, '2024-08-12 06:55:51', '2024-08-12 06:55:51'),
(1078, 1, 19, 7, 0, 0, '2024-08-12 06:55:51', '2024-08-12 06:55:51'),
(1079, 1, 20, 7, 0, 0, '2024-08-12 06:55:51', '2024-08-12 06:55:51'),
(1080, 1, 17, 8, 0, 0, '2024-08-12 06:55:51', '2024-08-12 06:55:51'),
(1081, 1, 18, 8, 0, 0, '2024-08-12 06:55:51', '2024-08-12 06:55:51'),
(1082, 1, 19, 8, 0, 0, '2024-08-12 06:55:51', '2024-08-12 06:55:51'),
(1083, 1, 20, 8, 0, 0, '2024-08-12 06:55:51', '2024-08-12 06:55:51'),
(1084, 2, 17, 7, 0, 0, '2024-08-12 06:55:51', '2024-08-12 06:55:51'),
(1085, 2, 18, 7, 0, 0, '2024-08-12 06:55:51', '2024-08-12 06:55:51'),
(1086, 2, 19, 7, 0, 0, '2024-08-12 06:55:51', '2024-08-12 06:55:51'),
(1087, 2, 20, 7, 0, 0, '2024-08-12 06:55:51', '2024-08-12 06:55:51'),
(1088, 2, 17, 8, 0, 0, '2024-08-12 06:55:51', '2024-08-12 06:55:51'),
(1089, 2, 18, 8, 0, 0, '2024-08-12 06:55:51', '2024-08-12 06:55:51'),
(1090, 2, 19, 8, 0, 0, '2024-08-12 06:55:51', '2024-08-12 06:55:51'),
(1091, 2, 20, 8, 0, 0, '2024-08-12 06:55:51', '2024-08-12 06:55:51'),
(1092, 3, 17, 7, 0, 0, '2024-08-12 06:55:51', '2024-08-12 06:55:51'),
(1093, 3, 18, 7, 0, 0, '2024-08-12 06:55:51', '2024-08-12 06:55:51'),
(1094, 3, 19, 7, 0, 0, '2024-08-12 06:55:51', '2024-08-12 06:55:51'),
(1095, 3, 20, 7, 0, 0, '2024-08-12 06:55:51', '2024-08-12 06:55:51'),
(1096, 3, 17, 8, 0, 0, '2024-08-12 06:55:51', '2024-08-12 06:55:51'),
(1097, 3, 18, 8, 0, 0, '2024-08-12 06:55:51', '2024-08-12 06:55:51'),
(1098, 3, 19, 8, 0, 0, '2024-08-12 06:55:51', '2024-08-12 06:55:51'),
(1099, 3, 20, 8, 0, 0, '2024-08-12 06:55:51', '2024-08-12 06:55:51'),
(1100, 4, 17, 7, 0, 0, '2024-08-12 06:55:51', '2024-08-12 06:55:51'),
(1101, 4, 18, 7, 0, 0, '2024-08-12 06:55:51', '2024-08-12 06:55:51'),
(1102, 4, 19, 7, 0, 0, '2024-08-12 06:55:51', '2024-08-12 06:55:51'),
(1103, 4, 20, 7, 0, 0, '2024-08-12 06:55:51', '2024-08-12 06:55:51'),
(1104, 4, 17, 8, 0, 0, '2024-08-12 06:55:51', '2024-08-12 06:55:51'),
(1105, 4, 18, 8, 0, 0, '2024-08-12 06:55:51', '2024-08-12 06:55:51'),
(1106, 4, 19, 8, 0, 0, '2024-08-12 06:55:51', '2024-08-12 06:55:51'),
(1107, 4, 20, 8, 0, 0, '2024-08-12 06:55:51', '2024-08-12 06:55:51'),
(1108, 5, 17, 7, 0, 0, '2024-08-12 06:55:51', '2024-08-12 06:55:51'),
(1109, 5, 18, 7, 0, 0, '2024-08-12 06:55:51', '2024-08-12 06:55:51'),
(1110, 5, 19, 7, 0, 0, '2024-08-12 06:55:51', '2024-08-12 06:55:51'),
(1111, 5, 20, 7, 0, 0, '2024-08-12 06:55:51', '2024-08-12 06:55:51'),
(1112, 5, 17, 8, 0, 0, '2024-08-12 06:55:51', '2024-08-12 06:55:51'),
(1113, 5, 18, 8, 0, 0, '2024-08-12 06:55:52', '2024-08-12 06:55:52'),
(1114, 5, 19, 8, 0, 0, '2024-08-12 06:55:52', '2024-08-12 06:55:52'),
(1115, 5, 20, 8, 0, 0, '2024-08-12 06:55:52', '2024-08-12 06:55:52'),
(1116, 1, 17, 1, 0, 0, '2024-08-12 06:55:55', '2024-08-12 06:55:55'),
(1117, 1, 18, 1, 0, 0, '2024-08-12 06:55:55', '2024-08-12 06:55:55'),
(1118, 1, 19, 1, 0, 0, '2024-08-12 06:55:55', '2024-08-12 06:55:55'),
(1119, 1, 20, 1, 0, 0, '2024-08-12 06:55:55', '2024-08-12 06:55:55'),
(1120, 1, 17, 2, 0, 0, '2024-08-12 06:55:55', '2024-08-12 06:55:55'),
(1121, 1, 18, 2, 0, 0, '2024-08-12 06:55:55', '2024-08-12 06:55:55'),
(1122, 1, 19, 2, 0, 0, '2024-08-12 06:55:55', '2024-08-12 06:55:55'),
(1123, 1, 20, 2, 0, 0, '2024-08-12 06:55:55', '2024-08-12 06:55:55'),
(1124, 1, 17, 6, 0, 0, '2024-08-12 06:55:55', '2024-08-12 06:55:55'),
(1125, 1, 18, 6, 0, 0, '2024-08-12 06:55:55', '2024-08-12 06:55:55'),
(1126, 1, 19, 6, 0, 0, '2024-08-12 06:55:55', '2024-08-12 06:55:55'),
(1127, 1, 20, 6, 0, 0, '2024-08-12 06:55:55', '2024-08-12 06:55:55'),
(1128, 2, 17, 1, 0, 0, '2024-08-12 06:55:55', '2024-08-12 06:55:55'),
(1129, 2, 18, 1, 0, 0, '2024-08-12 06:55:56', '2024-08-12 06:55:56'),
(1130, 2, 19, 1, 0, 0, '2024-08-12 06:55:56', '2024-08-12 06:55:56'),
(1131, 2, 20, 1, 0, 0, '2024-08-12 06:55:56', '2024-08-12 06:55:56'),
(1132, 2, 17, 2, 0, 0, '2024-08-12 06:55:56', '2024-08-12 06:55:56'),
(1133, 2, 18, 2, 0, 0, '2024-08-12 06:55:56', '2024-08-12 06:55:56'),
(1134, 2, 19, 2, 0, 0, '2024-08-12 06:55:56', '2024-08-12 06:55:56'),
(1135, 2, 20, 2, 0, 0, '2024-08-12 06:55:56', '2024-08-12 06:55:56'),
(1136, 2, 17, 6, 0, 0, '2024-08-12 06:55:56', '2024-08-12 06:55:56'),
(1137, 2, 18, 6, 0, 0, '2024-08-12 06:55:56', '2024-08-12 06:55:56'),
(1138, 2, 19, 6, 0, 0, '2024-08-12 06:55:56', '2024-08-12 06:55:56'),
(1139, 2, 20, 6, 0, 0, '2024-08-12 06:55:56', '2024-08-12 06:55:56'),
(1140, 3, 17, 1, 0, 0, '2024-08-12 06:55:56', '2024-08-12 06:55:56'),
(1141, 3, 18, 1, 0, 0, '2024-08-12 06:55:56', '2024-08-12 06:55:56'),
(1142, 3, 19, 1, 0, 0, '2024-08-12 06:55:56', '2024-08-12 06:55:56'),
(1143, 3, 20, 1, 0, 0, '2024-08-12 06:55:56', '2024-08-12 06:55:56'),
(1144, 3, 17, 2, 0, 0, '2024-08-12 06:55:56', '2024-08-12 06:55:56'),
(1145, 3, 18, 2, 0, 0, '2024-08-12 06:55:56', '2024-08-12 06:55:56'),
(1146, 3, 19, 2, 0, 0, '2024-08-12 06:55:56', '2024-08-12 06:55:56'),
(1147, 3, 20, 2, 0, 0, '2024-08-12 06:55:56', '2024-08-12 06:55:56'),
(1148, 3, 17, 6, 0, 0, '2024-08-12 06:55:56', '2024-08-12 06:55:56'),
(1149, 3, 18, 6, 0, 0, '2024-08-12 06:55:56', '2024-08-12 06:55:56'),
(1150, 3, 19, 6, 0, 0, '2024-08-12 06:55:56', '2024-08-12 06:55:56'),
(1151, 3, 20, 6, 0, 0, '2024-08-12 06:55:56', '2024-08-12 06:55:56'),
(1152, 4, 17, 1, 0, 0, '2024-08-12 06:55:56', '2024-08-12 06:55:56'),
(1153, 4, 18, 1, 0, 0, '2024-08-12 06:55:56', '2024-08-12 06:55:56'),
(1154, 4, 19, 1, 0, 0, '2024-08-12 06:55:56', '2024-08-12 06:55:56'),
(1155, 4, 20, 1, 0, 0, '2024-08-12 06:55:56', '2024-08-12 06:55:56'),
(1156, 4, 17, 2, 0, 0, '2024-08-12 06:55:56', '2024-08-12 06:55:56'),
(1157, 4, 18, 2, 0, 0, '2024-08-12 06:55:56', '2024-08-12 06:55:56'),
(1158, 4, 19, 2, 0, 0, '2024-08-12 06:55:56', '2024-08-12 06:55:56'),
(1159, 4, 20, 2, 0, 0, '2024-08-12 06:55:56', '2024-08-12 06:55:56'),
(1160, 4, 17, 6, 0, 0, '2024-08-12 06:55:56', '2024-08-12 06:55:56'),
(1161, 4, 18, 6, 0, 0, '2024-08-12 06:55:56', '2024-08-12 06:55:56'),
(1162, 4, 19, 6, 0, 0, '2024-08-12 06:55:56', '2024-08-12 06:55:56'),
(1163, 4, 20, 6, 0, 0, '2024-08-12 06:55:56', '2024-08-12 06:55:56'),
(1164, 5, 17, 1, 0, 0, '2024-08-12 06:55:56', '2024-08-12 06:55:56'),
(1165, 5, 18, 1, 0, 0, '2024-08-12 06:55:56', '2024-08-12 06:55:56'),
(1166, 5, 19, 1, 0, 0, '2024-08-12 06:55:57', '2024-08-12 06:55:57'),
(1167, 5, 20, 1, 0, 0, '2024-08-12 06:55:57', '2024-08-12 06:55:57'),
(1168, 5, 17, 2, 0, 0, '2024-08-12 06:55:57', '2024-08-12 06:55:57'),
(1169, 5, 18, 2, 0, 0, '2024-08-12 06:55:57', '2024-08-12 06:55:57'),
(1170, 5, 19, 2, 0, 0, '2024-08-12 06:55:57', '2024-08-12 06:55:57'),
(1171, 5, 20, 2, 0, 0, '2024-08-12 06:55:57', '2024-08-12 06:55:57'),
(1172, 5, 17, 6, 0, 0, '2024-08-12 06:55:57', '2024-08-12 06:55:57'),
(1173, 5, 18, 6, 0, 0, '2024-08-12 06:55:57', '2024-08-12 06:55:57'),
(1174, 5, 19, 6, 0, 0, '2024-08-12 06:55:57', '2024-08-12 06:55:57'),
(1175, 5, 20, 6, 0, 0, '2024-08-12 06:55:57', '2024-08-12 06:55:57'),
(1176, 1, 17, 3, 0, 0, '2024-08-12 06:56:00', '2024-08-12 06:56:00'),
(1177, 1, 18, 3, 0, 0, '2024-08-12 06:56:00', '2024-08-12 06:56:00'),
(1178, 1, 19, 3, 0, 0, '2024-08-12 06:56:00', '2024-08-12 06:56:00'),
(1179, 1, 20, 3, 0, 0, '2024-08-12 06:56:00', '2024-08-12 06:56:00'),
(1180, 1, 17, 4, 0, 0, '2024-08-12 06:56:00', '2024-08-12 06:56:00'),
(1181, 1, 18, 4, 0, 0, '2024-08-12 06:56:00', '2024-08-12 06:56:00'),
(1182, 1, 19, 4, 0, 0, '2024-08-12 06:56:00', '2024-08-12 06:56:00'),
(1183, 1, 20, 4, 0, 0, '2024-08-12 06:56:00', '2024-08-12 06:56:00'),
(1184, 1, 17, 5, 0, 0, '2024-08-12 06:56:00', '2024-08-12 06:56:00'),
(1185, 1, 18, 5, 0, 0, '2024-08-12 06:56:00', '2024-08-12 06:56:00'),
(1186, 1, 19, 5, 0, 0, '2024-08-12 06:56:00', '2024-08-12 06:56:00'),
(1187, 1, 20, 5, 0, 0, '2024-08-12 06:56:00', '2024-08-12 06:56:00'),
(1188, 2, 17, 3, 0, 0, '2024-08-12 06:56:00', '2024-08-12 06:56:00'),
(1189, 2, 18, 3, 0, 0, '2024-08-12 06:56:00', '2024-08-12 06:56:00'),
(1190, 2, 19, 3, 0, 0, '2024-08-12 06:56:00', '2024-08-12 06:56:00'),
(1191, 2, 20, 3, 0, 0, '2024-08-12 06:56:00', '2024-08-12 06:56:00'),
(1192, 2, 17, 4, 0, 0, '2024-08-12 06:56:00', '2024-08-12 06:56:00'),
(1193, 2, 18, 4, 0, 0, '2024-08-12 06:56:00', '2024-08-12 06:56:00'),
(1194, 2, 19, 4, 0, 0, '2024-08-12 06:56:00', '2024-08-12 06:56:00'),
(1195, 2, 20, 4, 0, 0, '2024-08-12 06:56:00', '2024-08-12 06:56:00'),
(1196, 2, 17, 5, 0, 0, '2024-08-12 06:56:00', '2024-08-12 06:56:00'),
(1197, 2, 18, 5, 0, 0, '2024-08-12 06:56:00', '2024-08-12 06:56:00'),
(1198, 2, 19, 5, 0, 0, '2024-08-12 06:56:00', '2024-08-12 06:56:00'),
(1199, 2, 20, 5, 0, 0, '2024-08-12 06:56:00', '2024-08-12 06:56:00'),
(1200, 3, 17, 3, 0, 0, '2024-08-12 06:56:00', '2024-08-12 06:56:00'),
(1201, 3, 18, 3, 0, 0, '2024-08-12 06:56:00', '2024-08-12 06:56:00'),
(1202, 3, 19, 3, 0, 0, '2024-08-12 06:56:00', '2024-08-12 06:56:00'),
(1203, 3, 20, 3, 0, 0, '2024-08-12 06:56:00', '2024-08-12 06:56:00'),
(1204, 3, 17, 4, 0, 0, '2024-08-12 06:56:00', '2024-08-12 06:56:00'),
(1205, 3, 18, 4, 0, 0, '2024-08-12 06:56:00', '2024-08-12 06:56:00'),
(1206, 3, 19, 4, 0, 0, '2024-08-12 06:56:00', '2024-08-12 06:56:00'),
(1207, 3, 20, 4, 0, 0, '2024-08-12 06:56:00', '2024-08-12 06:56:00'),
(1208, 3, 17, 5, 0, 0, '2024-08-12 06:56:01', '2024-08-12 06:56:01'),
(1209, 3, 18, 5, 0, 0, '2024-08-12 06:56:01', '2024-08-12 06:56:01'),
(1210, 3, 19, 5, 0, 0, '2024-08-12 06:56:01', '2024-08-12 06:56:01'),
(1211, 3, 20, 5, 0, 0, '2024-08-12 06:56:01', '2024-08-12 06:56:01'),
(1212, 4, 17, 3, 0, 0, '2024-08-12 06:56:01', '2024-08-12 06:56:01'),
(1213, 4, 18, 3, 0, 0, '2024-08-12 06:56:01', '2024-08-12 06:56:01'),
(1214, 4, 19, 3, 0, 0, '2024-08-12 06:56:01', '2024-08-12 06:56:01'),
(1215, 4, 20, 3, 0, 0, '2024-08-12 06:56:01', '2024-08-12 06:56:01'),
(1216, 4, 17, 4, 0, 0, '2024-08-12 06:56:01', '2024-08-12 06:56:01'),
(1217, 4, 18, 4, 0, 0, '2024-08-12 06:56:01', '2024-08-12 06:56:01'),
(1218, 4, 19, 4, 0, 0, '2024-08-12 06:56:01', '2024-08-12 06:56:01'),
(1219, 4, 20, 4, 0, 0, '2024-08-12 06:56:01', '2024-08-12 06:56:01'),
(1220, 4, 17, 5, 0, 0, '2024-08-12 06:56:01', '2024-08-12 06:56:01'),
(1221, 4, 18, 5, 0, 0, '2024-08-12 06:56:01', '2024-08-12 06:56:01'),
(1222, 4, 19, 5, 0, 0, '2024-08-12 06:56:01', '2024-08-12 06:56:01'),
(1223, 4, 20, 5, 0, 0, '2024-08-12 06:56:01', '2024-08-12 06:56:01'),
(1224, 5, 17, 3, 0, 0, '2024-08-12 06:56:01', '2024-08-12 06:56:01'),
(1225, 5, 18, 3, 0, 0, '2024-08-12 06:56:01', '2024-08-12 06:56:01'),
(1226, 5, 19, 3, 0, 0, '2024-08-12 06:56:01', '2024-08-12 06:56:01'),
(1227, 5, 20, 3, 0, 0, '2024-08-12 06:56:01', '2024-08-12 06:56:01'),
(1228, 5, 17, 4, 0, 0, '2024-08-12 06:56:01', '2024-08-12 06:56:01'),
(1229, 5, 18, 4, 0, 0, '2024-08-12 06:56:01', '2024-08-12 06:56:01'),
(1230, 5, 19, 4, 0, 0, '2024-08-12 06:56:01', '2024-08-12 06:56:01'),
(1231, 5, 20, 4, 0, 0, '2024-08-12 06:56:01', '2024-08-12 06:56:01'),
(1232, 5, 17, 5, 0, 0, '2024-08-12 06:56:01', '2024-08-12 06:56:01'),
(1233, 5, 18, 5, 0, 0, '2024-08-12 06:56:01', '2024-08-12 06:56:01'),
(1234, 5, 19, 5, 0, 0, '2024-08-12 06:56:01', '2024-08-12 06:56:01'),
(1235, 5, 20, 5, 0, 0, '2024-08-12 06:56:01', '2024-08-12 06:56:01'),
(1236, 6, 1, 1, 0, 0, '2024-08-12 07:19:13', '2024-08-12 07:19:13'),
(1237, 6, 2, 1, 0, 0, '2024-08-12 07:19:13', '2024-08-12 07:19:13'),
(1238, 6, 3, 1, 0, 0, '2024-08-12 07:19:13', '2024-08-12 07:19:13'),
(1239, 6, 4, 1, 0, 0, '2024-08-12 07:19:13', '2024-08-12 07:19:13'),
(1240, 6, 1, 2, 0, 0, '2024-08-12 07:19:13', '2024-08-12 07:19:13'),
(1241, 6, 2, 2, 0, 0, '2024-08-12 07:19:13', '2024-08-12 07:19:13'),
(1242, 6, 3, 2, 0, 0, '2024-08-12 07:19:13', '2024-08-12 07:19:13'),
(1243, 6, 4, 2, 0, 0, '2024-08-12 07:19:13', '2024-08-12 07:19:13'),
(1244, 6, 1, 3, 0, 0, '2024-08-12 07:19:13', '2024-08-12 07:19:13'),
(1245, 6, 2, 3, 0, 0, '2024-08-12 07:19:13', '2024-08-12 07:19:13'),
(1246, 6, 3, 3, 0, 0, '2024-08-12 07:19:13', '2024-08-12 07:19:13'),
(1247, 6, 4, 3, 0, 0, '2024-08-12 07:19:13', '2024-08-12 07:19:13'),
(1248, 6, 1, 4, 0, 0, '2024-08-12 07:19:13', '2024-08-12 07:19:13'),
(1249, 6, 2, 4, 0, 0, '2024-08-12 07:19:13', '2024-08-12 07:19:13'),
(1250, 6, 3, 4, 0, 0, '2024-08-12 07:19:13', '2024-08-12 07:19:13'),
(1251, 6, 4, 4, 0, 0, '2024-08-12 07:19:13', '2024-08-12 07:19:13'),
(1252, 6, 1, 5, 0, 0, '2024-08-12 07:19:13', '2024-08-12 07:19:13'),
(1253, 6, 2, 5, 0, 0, '2024-08-12 07:19:13', '2024-08-12 07:19:13'),
(1254, 6, 3, 5, 0, 0, '2024-08-12 07:19:13', '2024-08-12 07:19:13'),
(1255, 6, 4, 5, 0, 0, '2024-08-12 07:19:13', '2024-08-12 07:19:13'),
(1256, 6, 1, 6, 0, 0, '2024-08-12 07:19:13', '2024-08-12 07:19:13'),
(1257, 6, 2, 6, 0, 0, '2024-08-12 07:19:13', '2024-08-12 07:19:13'),
(1258, 6, 3, 6, 0, 0, '2024-08-12 07:19:14', '2024-08-12 07:19:14'),
(1259, 6, 4, 6, 0, 0, '2024-08-12 07:19:14', '2024-08-12 07:19:14'),
(1260, 6, 1, 7, 0, 0, '2024-08-12 07:19:14', '2024-08-12 07:19:14'),
(1261, 6, 2, 7, 0, 0, '2024-08-12 07:19:14', '2024-08-12 07:19:14'),
(1262, 6, 3, 7, 0, 0, '2024-08-12 07:19:14', '2024-08-12 07:19:14'),
(1263, 6, 4, 7, 0, 0, '2024-08-12 07:19:14', '2024-08-12 07:19:14'),
(1264, 6, 1, 8, 0, 0, '2024-08-12 07:19:14', '2024-08-12 07:19:14'),
(1265, 6, 2, 8, 0, 0, '2024-08-12 07:19:14', '2024-08-12 07:19:14'),
(1266, 6, 3, 8, 0, 0, '2024-08-12 07:19:14', '2024-08-12 07:19:14'),
(1267, 6, 4, 8, 0, 0, '2024-08-12 07:19:14', '2024-08-12 07:19:14'),
(1268, 6, 1, 9, 0, 0, '2024-08-12 07:19:14', '2024-08-12 07:19:14'),
(1269, 6, 2, 9, 0, 0, '2024-08-12 07:19:14', '2024-08-12 07:19:14'),
(1270, 6, 3, 9, 0, 0, '2024-08-12 07:19:14', '2024-08-12 07:19:14'),
(1271, 6, 4, 9, 0, 0, '2024-08-12 07:19:14', '2024-08-12 07:19:14'),
(1272, 6, 1, 10, 0, 0, '2024-08-12 07:19:14', '2024-08-12 07:19:14'),
(1273, 6, 2, 10, 0, 0, '2024-08-12 07:19:14', '2024-08-12 07:19:14'),
(1274, 6, 3, 10, 0, 0, '2024-08-12 07:19:14', '2024-08-12 07:19:14'),
(1275, 6, 4, 10, 0, 0, '2024-08-12 07:19:14', '2024-08-12 07:19:14'),
(1276, 6, 1, 11, 0, 0, '2024-08-12 07:19:14', '2024-08-12 07:19:14'),
(1277, 6, 2, 11, 0, 0, '2024-08-12 07:19:14', '2024-08-12 07:19:14'),
(1278, 6, 3, 11, 0, 0, '2024-08-12 07:19:14', '2024-08-12 07:19:14'),
(1279, 6, 4, 11, 0, 0, '2024-08-12 07:19:14', '2024-08-12 07:19:14'),
(1280, 6, 1, 12, 0, 0, '2024-08-12 07:19:14', '2024-08-12 07:19:14'),
(1281, 6, 2, 12, 0, 0, '2024-08-12 07:19:14', '2024-08-12 07:19:14'),
(1282, 6, 3, 12, 0, 0, '2024-08-12 07:19:14', '2024-08-12 07:19:14'),
(1283, 6, 4, 12, 0, 0, '2024-08-12 07:19:14', '2024-08-12 07:19:14'),
(1284, 6, 1, 13, 0, 0, '2024-08-12 07:19:14', '2024-08-12 07:19:14'),
(1285, 6, 2, 13, 0, 0, '2024-08-12 07:19:14', '2024-08-12 07:19:14'),
(1286, 6, 3, 13, 0, 0, '2024-08-12 07:19:14', '2024-08-12 07:19:14'),
(1287, 6, 4, 13, 0, 0, '2024-08-12 07:19:14', '2024-08-12 07:19:14'),
(1288, 7, 1, 1, 0, 0, '2024-08-12 07:19:14', '2024-08-12 07:19:14'),
(1289, 7, 2, 1, 0, 0, '2024-08-12 07:19:14', '2024-08-12 07:19:14'),
(1290, 7, 3, 1, 0, 0, '2024-08-12 07:19:14', '2024-08-12 07:19:14'),
(1291, 7, 4, 1, 0, 0, '2024-08-12 07:19:14', '2024-08-12 07:19:14'),
(1292, 7, 1, 2, 0, 0, '2024-08-12 07:19:14', '2024-08-12 07:19:14'),
(1293, 7, 2, 2, 0, 0, '2024-08-12 07:19:14', '2024-08-12 07:19:14'),
(1294, 7, 3, 2, 0, 0, '2024-08-12 07:19:14', '2024-08-12 07:19:14'),
(1295, 7, 4, 2, 0, 0, '2024-08-12 07:19:14', '2024-08-12 07:19:14'),
(1296, 7, 1, 3, 0, 0, '2024-08-12 07:19:14', '2024-08-12 07:19:14'),
(1297, 7, 2, 3, 0, 0, '2024-08-12 07:19:14', '2024-08-12 07:19:14'),
(1298, 7, 3, 3, 0, 0, '2024-08-12 07:19:14', '2024-08-12 07:19:14'),
(1299, 7, 4, 3, 0, 0, '2024-08-12 07:19:15', '2024-08-12 07:19:15'),
(1300, 7, 1, 4, 0, 0, '2024-08-12 07:19:15', '2024-08-12 07:19:15'),
(1301, 7, 2, 4, 0, 0, '2024-08-12 07:19:15', '2024-08-12 07:19:15'),
(1302, 7, 3, 4, 0, 0, '2024-08-12 07:19:15', '2024-08-12 07:19:15'),
(1303, 7, 4, 4, 0, 0, '2024-08-12 07:19:15', '2024-08-12 07:19:15'),
(1304, 7, 1, 5, 0, 0, '2024-08-12 07:19:15', '2024-08-12 07:19:15'),
(1305, 7, 2, 5, 0, 0, '2024-08-12 07:19:15', '2024-08-12 07:19:15'),
(1306, 7, 3, 5, 0, 0, '2024-08-12 07:19:15', '2024-08-12 07:19:15'),
(1307, 7, 4, 5, 0, 0, '2024-08-12 07:19:15', '2024-08-12 07:19:15'),
(1308, 7, 1, 6, 0, 0, '2024-08-12 07:19:15', '2024-08-12 07:19:15'),
(1309, 7, 2, 6, 0, 0, '2024-08-12 07:19:15', '2024-08-12 07:19:15'),
(1310, 7, 3, 6, 0, 0, '2024-08-12 07:19:15', '2024-08-12 07:19:15'),
(1311, 7, 4, 6, 0, 0, '2024-08-12 07:19:15', '2024-08-12 07:19:15'),
(1312, 7, 1, 7, 0, 0, '2024-08-12 07:19:15', '2024-08-12 07:19:15'),
(1313, 7, 2, 7, 0, 0, '2024-08-12 07:19:15', '2024-08-12 07:19:15'),
(1314, 7, 3, 7, 0, 0, '2024-08-12 07:19:15', '2024-08-12 07:19:15'),
(1315, 7, 4, 7, 0, 0, '2024-08-12 07:19:15', '2024-08-12 07:19:15'),
(1316, 7, 1, 8, 0, 0, '2024-08-12 07:19:15', '2024-08-12 07:19:15'),
(1317, 7, 2, 8, 0, 0, '2024-08-12 07:19:15', '2024-08-12 07:19:15'),
(1318, 7, 3, 8, 0, 0, '2024-08-12 07:19:15', '2024-08-12 07:19:15'),
(1319, 7, 4, 8, 0, 0, '2024-08-12 07:19:15', '2024-08-12 07:19:15'),
(1320, 7, 1, 9, 0, 0, '2024-08-12 07:19:15', '2024-08-12 07:19:15'),
(1321, 7, 2, 9, 0, 0, '2024-08-12 07:19:15', '2024-08-12 07:19:15'),
(1322, 7, 3, 9, 0, 0, '2024-08-12 07:19:15', '2024-08-12 07:19:15'),
(1323, 7, 4, 9, 0, 0, '2024-08-12 07:19:15', '2024-08-12 07:19:15'),
(1324, 7, 1, 10, 0, 0, '2024-08-12 07:19:15', '2024-08-12 07:19:15'),
(1325, 7, 2, 10, 0, 0, '2024-08-12 07:19:15', '2024-08-12 07:19:15'),
(1326, 7, 3, 10, 0, 0, '2024-08-12 07:19:15', '2024-08-12 07:19:15'),
(1327, 7, 4, 10, 0, 0, '2024-08-12 07:19:15', '2024-08-12 07:19:15'),
(1328, 7, 1, 11, 0, 0, '2024-08-12 07:19:15', '2024-08-12 07:19:15'),
(1329, 7, 2, 11, 0, 0, '2024-08-12 07:19:15', '2024-08-12 07:19:15'),
(1330, 7, 3, 11, 0, 0, '2024-08-12 07:19:15', '2024-08-12 07:19:15'),
(1331, 7, 4, 11, 0, 0, '2024-08-12 07:19:15', '2024-08-12 07:19:15'),
(1332, 7, 1, 12, 0, 0, '2024-08-12 07:19:15', '2024-08-12 07:19:15'),
(1333, 7, 2, 12, 0, 0, '2024-08-12 07:19:15', '2024-08-12 07:19:15'),
(1334, 7, 3, 12, 0, 0, '2024-08-12 07:19:15', '2024-08-12 07:19:15'),
(1335, 7, 4, 12, 0, 0, '2024-08-12 07:19:15', '2024-08-12 07:19:15'),
(1336, 7, 1, 13, 0, 0, '2024-08-12 07:19:15', '2024-08-12 07:19:15'),
(1337, 7, 2, 13, 0, 0, '2024-08-12 07:19:15', '2024-08-12 07:19:15'),
(1338, 7, 3, 13, 0, 0, '2024-08-12 07:19:15', '2024-08-12 07:19:15'),
(1339, 7, 4, 13, 0, 0, '2024-08-12 07:19:15', '2024-08-12 07:19:15'),
(1340, 6, 5, 1, 0, 0, '2024-08-12 07:19:17', '2024-08-12 07:19:17'),
(1341, 6, 6, 1, 0, 0, '2024-08-12 07:19:17', '2024-08-12 07:19:17'),
(1342, 6, 7, 1, 0, 0, '2024-08-12 07:19:17', '2024-08-12 07:19:17'),
(1343, 6, 8, 1, 0, 0, '2024-08-12 07:19:17', '2024-08-12 07:19:17'),
(1344, 6, 5, 2, 0, 0, '2024-08-12 07:19:17', '2024-08-12 07:19:17'),
(1345, 6, 6, 2, 0, 0, '2024-08-12 07:19:17', '2024-08-12 07:19:17'),
(1346, 6, 7, 2, 0, 0, '2024-08-12 07:19:17', '2024-08-12 07:19:17'),
(1347, 6, 8, 2, 0, 0, '2024-08-12 07:19:17', '2024-08-12 07:19:17'),
(1348, 6, 5, 3, 0, 0, '2024-08-12 07:19:17', '2024-08-12 07:19:17'),
(1349, 6, 6, 3, 0, 0, '2024-08-12 07:19:17', '2024-08-12 07:19:17'),
(1350, 6, 7, 3, 0, 0, '2024-08-12 07:19:17', '2024-08-12 07:19:17'),
(1351, 6, 8, 3, 0, 0, '2024-08-12 07:19:17', '2024-08-12 07:19:17'),
(1352, 6, 5, 4, 0, 0, '2024-08-12 07:19:17', '2024-08-12 07:19:17'),
(1353, 6, 6, 4, 0, 0, '2024-08-12 07:19:17', '2024-08-12 07:19:17'),
(1354, 6, 7, 4, 0, 0, '2024-08-12 07:19:17', '2024-08-12 07:19:17'),
(1355, 6, 8, 4, 0, 0, '2024-08-12 07:19:17', '2024-08-12 07:19:17'),
(1356, 6, 5, 5, 0, 0, '2024-08-12 07:19:17', '2024-08-12 07:19:17'),
(1357, 6, 6, 5, 0, 0, '2024-08-12 07:19:17', '2024-08-12 07:19:17'),
(1358, 6, 7, 5, 0, 0, '2024-08-12 07:19:17', '2024-08-12 07:19:17'),
(1359, 6, 8, 5, 0, 0, '2024-08-12 07:19:17', '2024-08-12 07:19:17'),
(1360, 6, 5, 6, 0, 0, '2024-08-12 07:19:17', '2024-08-12 07:19:17'),
(1361, 6, 6, 6, 0, 0, '2024-08-12 07:19:17', '2024-08-12 07:19:17'),
(1362, 6, 7, 6, 0, 0, '2024-08-12 07:19:17', '2024-08-12 07:19:17'),
(1363, 6, 8, 6, 0, 0, '2024-08-12 07:19:17', '2024-08-12 07:19:17'),
(1364, 6, 5, 7, 0, 0, '2024-08-12 07:19:17', '2024-08-12 07:19:17'),
(1365, 6, 6, 7, 0, 0, '2024-08-12 07:19:17', '2024-08-12 07:19:17'),
(1366, 6, 7, 7, 0, 0, '2024-08-12 07:19:17', '2024-08-12 07:19:17'),
(1367, 6, 8, 7, 0, 0, '2024-08-12 07:19:17', '2024-08-12 07:19:17'),
(1368, 6, 5, 8, 0, 0, '2024-08-12 07:19:17', '2024-08-12 07:19:17'),
(1369, 6, 6, 8, 0, 0, '2024-08-12 07:19:17', '2024-08-12 07:19:17'),
(1370, 6, 7, 8, 0, 0, '2024-08-12 07:19:17', '2024-08-12 07:19:17'),
(1371, 6, 8, 8, 0, 0, '2024-08-12 07:19:17', '2024-08-12 07:19:17'),
(1372, 6, 5, 9, 0, 0, '2024-08-12 07:19:17', '2024-08-12 07:19:17'),
(1373, 6, 6, 9, 0, 0, '2024-08-12 07:19:17', '2024-08-12 07:19:17'),
(1374, 6, 7, 9, 0, 0, '2024-08-12 07:19:17', '2024-08-12 07:19:17'),
(1375, 6, 8, 9, 0, 0, '2024-08-12 07:19:17', '2024-08-12 07:19:17'),
(1376, 6, 5, 10, 0, 0, '2024-08-12 07:19:17', '2024-08-12 07:19:17'),
(1377, 6, 6, 10, 0, 0, '2024-08-12 07:19:17', '2024-08-12 07:19:17'),
(1378, 6, 7, 10, 0, 0, '2024-08-12 07:19:17', '2024-08-12 07:19:17'),
(1379, 6, 8, 10, 0, 0, '2024-08-12 07:19:17', '2024-08-12 07:19:17'),
(1380, 6, 5, 11, 0, 0, '2024-08-12 07:19:17', '2024-08-12 07:19:17'),
(1381, 6, 6, 11, 0, 0, '2024-08-12 07:19:17', '2024-08-12 07:19:17'),
(1382, 6, 7, 11, 0, 0, '2024-08-12 07:19:17', '2024-08-12 07:19:17'),
(1383, 6, 8, 11, 0, 0, '2024-08-12 07:19:17', '2024-08-12 07:19:17'),
(1384, 6, 5, 12, 0, 0, '2024-08-12 07:19:17', '2024-08-12 07:19:17'),
(1385, 6, 6, 12, 0, 0, '2024-08-12 07:19:17', '2024-08-12 07:19:17'),
(1386, 6, 7, 12, 0, 0, '2024-08-12 07:19:17', '2024-08-12 07:19:17'),
(1387, 6, 8, 12, 0, 0, '2024-08-12 07:19:17', '2024-08-12 07:19:17'),
(1388, 6, 5, 13, 0, 0, '2024-08-12 07:19:17', '2024-08-12 07:19:17'),
(1389, 6, 6, 13, 0, 0, '2024-08-12 07:19:17', '2024-08-12 07:19:17'),
(1390, 6, 7, 13, 0, 0, '2024-08-12 07:19:17', '2024-08-12 07:19:17'),
(1391, 6, 8, 13, 0, 0, '2024-08-12 07:19:17', '2024-08-12 07:19:17'),
(1392, 7, 5, 1, 0, 0, '2024-08-12 07:19:17', '2024-08-12 07:19:17'),
(1393, 7, 6, 1, 0, 0, '2024-08-12 07:19:17', '2024-08-12 07:19:17'),
(1394, 7, 7, 1, 0, 0, '2024-08-12 07:19:17', '2024-08-12 07:19:17'),
(1395, 7, 8, 1, 0, 0, '2024-08-12 07:19:17', '2024-08-12 07:19:17'),
(1396, 7, 5, 2, 0, 0, '2024-08-12 07:19:17', '2024-08-12 07:19:17'),
(1397, 7, 6, 2, 0, 0, '2024-08-12 07:19:17', '2024-08-12 07:19:17'),
(1398, 7, 7, 2, 0, 0, '2024-08-12 07:19:17', '2024-08-12 07:19:17'),
(1399, 7, 8, 2, 0, 0, '2024-08-12 07:19:17', '2024-08-12 07:19:17'),
(1400, 7, 5, 3, 0, 0, '2024-08-12 07:19:18', '2024-08-12 07:19:18'),
(1401, 7, 6, 3, 0, 0, '2024-08-12 07:19:18', '2024-08-12 07:19:18'),
(1402, 7, 7, 3, 0, 0, '2024-08-12 07:19:18', '2024-08-12 07:19:18'),
(1403, 7, 8, 3, 0, 0, '2024-08-12 07:19:18', '2024-08-12 07:19:18'),
(1404, 7, 5, 4, 0, 0, '2024-08-12 07:19:18', '2024-08-12 07:19:18'),
(1405, 7, 6, 4, 0, 0, '2024-08-12 07:19:18', '2024-08-12 07:19:18'),
(1406, 7, 7, 4, 0, 0, '2024-08-12 07:19:18', '2024-08-12 07:19:18'),
(1407, 7, 8, 4, 0, 0, '2024-08-12 07:19:18', '2024-08-12 07:19:18'),
(1408, 7, 5, 5, 0, 0, '2024-08-12 07:19:18', '2024-08-12 07:19:18'),
(1409, 7, 6, 5, 0, 0, '2024-08-12 07:19:18', '2024-08-12 07:19:18'),
(1410, 7, 7, 5, 0, 0, '2024-08-12 07:19:18', '2024-08-12 07:19:18'),
(1411, 7, 8, 5, 0, 0, '2024-08-12 07:19:18', '2024-08-12 07:19:18'),
(1412, 7, 5, 6, 0, 0, '2024-08-12 07:19:18', '2024-08-12 07:19:18'),
(1413, 7, 6, 6, 0, 0, '2024-08-12 07:19:18', '2024-08-12 07:19:18'),
(1414, 7, 7, 6, 0, 0, '2024-08-12 07:19:18', '2024-08-12 07:19:18'),
(1415, 7, 8, 6, 0, 0, '2024-08-12 07:19:18', '2024-08-12 07:19:18'),
(1416, 7, 5, 7, 0, 0, '2024-08-12 07:19:18', '2024-08-12 07:19:18'),
(1417, 7, 6, 7, 0, 0, '2024-08-12 07:19:18', '2024-08-12 07:19:18'),
(1418, 7, 7, 7, 0, 0, '2024-08-12 07:19:18', '2024-08-12 07:19:18'),
(1419, 7, 8, 7, 0, 0, '2024-08-12 07:19:18', '2024-08-12 07:19:18'),
(1420, 7, 5, 8, 0, 0, '2024-08-12 07:19:18', '2024-08-12 07:19:18'),
(1421, 7, 6, 8, 0, 0, '2024-08-12 07:19:18', '2024-08-12 07:19:18'),
(1422, 7, 7, 8, 0, 0, '2024-08-12 07:19:18', '2024-08-12 07:19:18'),
(1423, 7, 8, 8, 0, 0, '2024-08-12 07:19:18', '2024-08-12 07:19:18'),
(1424, 7, 5, 9, 0, 0, '2024-08-12 07:19:18', '2024-08-12 07:19:18'),
(1425, 7, 6, 9, 0, 0, '2024-08-12 07:19:18', '2024-08-12 07:19:18'),
(1426, 7, 7, 9, 0, 0, '2024-08-12 07:19:18', '2024-08-12 07:19:18'),
(1427, 7, 8, 9, 0, 0, '2024-08-12 07:19:18', '2024-08-12 07:19:18'),
(1428, 7, 5, 10, 0, 0, '2024-08-12 07:19:18', '2024-08-12 07:19:18'),
(1429, 7, 6, 10, 0, 0, '2024-08-12 07:19:18', '2024-08-12 07:19:18'),
(1430, 7, 7, 10, 0, 0, '2024-08-12 07:19:18', '2024-08-12 07:19:18'),
(1431, 7, 8, 10, 0, 0, '2024-08-12 07:19:18', '2024-08-12 07:19:18'),
(1432, 7, 5, 11, 0, 0, '2024-08-12 07:19:18', '2024-08-12 07:19:18'),
(1433, 7, 6, 11, 0, 0, '2024-08-12 07:19:18', '2024-08-12 07:19:18'),
(1434, 7, 7, 11, 0, 0, '2024-08-12 07:19:18', '2024-08-12 07:19:18'),
(1435, 7, 8, 11, 0, 0, '2024-08-12 07:19:18', '2024-08-12 07:19:18'),
(1436, 7, 5, 12, 0, 0, '2024-08-12 07:19:18', '2024-08-12 07:19:18'),
(1437, 7, 6, 12, 0, 0, '2024-08-12 07:19:18', '2024-08-12 07:19:18'),
(1438, 7, 7, 12, 0, 0, '2024-08-12 07:19:18', '2024-08-12 07:19:18'),
(1439, 7, 8, 12, 0, 0, '2024-08-12 07:19:18', '2024-08-12 07:19:18'),
(1440, 7, 5, 13, 0, 0, '2024-08-12 07:19:18', '2024-08-12 07:19:18'),
(1441, 7, 6, 13, 0, 0, '2024-08-12 07:19:18', '2024-08-12 07:19:18'),
(1442, 7, 7, 13, 0, 0, '2024-08-12 07:19:18', '2024-08-12 07:19:18'),
(1443, 7, 8, 13, 0, 0, '2024-08-12 07:19:18', '2024-08-12 07:19:18'),
(1444, 6, 9, 1, 0, 0, '2024-08-12 07:19:19', '2024-08-12 07:19:19'),
(1445, 6, 10, 1, 0, 0, '2024-08-12 07:19:19', '2024-08-12 07:19:19'),
(1446, 6, 11, 1, 0, 0, '2024-08-12 07:19:19', '2024-08-12 07:19:19'),
(1447, 6, 12, 1, 0, 0, '2024-08-12 07:19:19', '2024-08-12 07:19:19'),
(1448, 6, 9, 2, 0, 0, '2024-08-12 07:19:19', '2024-08-12 07:19:19'),
(1449, 6, 10, 2, 0, 0, '2024-08-12 07:19:19', '2024-08-12 07:19:19'),
(1450, 6, 11, 2, 0, 0, '2024-08-12 07:19:19', '2024-08-12 07:19:19'),
(1451, 6, 12, 2, 0, 0, '2024-08-12 07:19:19', '2024-08-12 07:19:19'),
(1452, 6, 9, 3, 0, 0, '2024-08-12 07:19:19', '2024-08-12 07:19:19'),
(1453, 6, 10, 3, 0, 0, '2024-08-12 07:19:19', '2024-08-12 07:19:19'),
(1454, 6, 11, 3, 0, 0, '2024-08-12 07:19:19', '2024-08-12 07:19:19'),
(1455, 6, 12, 3, 0, 0, '2024-08-12 07:19:19', '2024-08-12 07:19:19'),
(1456, 6, 9, 4, 0, 0, '2024-08-12 07:19:20', '2024-08-12 07:19:20'),
(1457, 6, 10, 4, 0, 0, '2024-08-12 07:19:20', '2024-08-12 07:19:20'),
(1458, 6, 11, 4, 0, 0, '2024-08-12 07:19:20', '2024-08-12 07:19:20'),
(1459, 6, 12, 4, 0, 0, '2024-08-12 07:19:20', '2024-08-12 07:19:20'),
(1460, 6, 9, 5, 0, 0, '2024-08-12 07:19:20', '2024-08-12 07:19:20'),
(1461, 6, 10, 5, 0, 0, '2024-08-12 07:19:20', '2024-08-12 07:19:20'),
(1462, 6, 11, 5, 0, 0, '2024-08-12 07:19:20', '2024-08-12 07:19:20'),
(1463, 6, 12, 5, 0, 0, '2024-08-12 07:19:20', '2024-08-12 07:19:20'),
(1464, 6, 9, 6, 0, 0, '2024-08-12 07:19:20', '2024-08-12 07:19:20'),
(1465, 6, 10, 6, 0, 0, '2024-08-12 07:19:20', '2024-08-12 07:19:20'),
(1466, 6, 11, 6, 0, 0, '2024-08-12 07:19:20', '2024-08-12 07:19:20'),
(1467, 6, 12, 6, 0, 0, '2024-08-12 07:19:20', '2024-08-12 07:19:20'),
(1468, 6, 9, 7, 0, 0, '2024-08-12 07:19:20', '2024-08-12 07:19:20'),
(1469, 6, 10, 7, 0, 0, '2024-08-12 07:19:20', '2024-08-12 07:19:20'),
(1470, 6, 11, 7, 0, 0, '2024-08-12 07:19:20', '2024-08-12 07:19:20'),
(1471, 6, 12, 7, 0, 0, '2024-08-12 07:19:20', '2024-08-12 07:19:20'),
(1472, 6, 9, 8, 0, 0, '2024-08-12 07:19:20', '2024-08-12 07:19:20'),
(1473, 6, 10, 8, 0, 0, '2024-08-12 07:19:20', '2024-08-12 07:19:20'),
(1474, 6, 11, 8, 0, 0, '2024-08-12 07:19:20', '2024-08-12 07:19:20'),
(1475, 6, 12, 8, 0, 0, '2024-08-12 07:19:20', '2024-08-12 07:19:20'),
(1476, 6, 9, 9, 0, 0, '2024-08-12 07:19:20', '2024-08-12 07:19:20'),
(1477, 6, 10, 9, 0, 0, '2024-08-12 07:19:20', '2024-08-12 07:19:20'),
(1478, 6, 11, 9, 0, 0, '2024-08-12 07:19:20', '2024-08-12 07:19:20'),
(1479, 6, 12, 9, 0, 0, '2024-08-12 07:19:20', '2024-08-12 07:19:20'),
(1480, 6, 9, 10, 0, 0, '2024-08-12 07:19:20', '2024-08-12 07:19:20'),
(1481, 6, 10, 10, 0, 0, '2024-08-12 07:19:20', '2024-08-12 07:19:20'),
(1482, 6, 11, 10, 0, 0, '2024-08-12 07:19:20', '2024-08-12 07:19:20'),
(1483, 6, 12, 10, 0, 0, '2024-08-12 07:19:20', '2024-08-12 07:19:20'),
(1484, 6, 9, 11, 0, 0, '2024-08-12 07:19:20', '2024-08-12 07:19:20'),
(1485, 6, 10, 11, 0, 0, '2024-08-12 07:19:20', '2024-08-12 07:19:20'),
(1486, 6, 11, 11, 0, 0, '2024-08-12 07:19:20', '2024-08-12 07:19:20'),
(1487, 6, 12, 11, 0, 0, '2024-08-12 07:19:20', '2024-08-12 07:19:20'),
(1488, 6, 9, 12, 0, 0, '2024-08-12 07:19:20', '2024-08-12 07:19:20');
INSERT INTO `ratings` (`id`, `judge_id`, `criteria_id`, `team_id`, `value`, `is_locked`, `created_at`, `updated_at`) VALUES
(1489, 6, 10, 12, 0, 0, '2024-08-12 07:19:20', '2024-08-12 07:19:20'),
(1490, 6, 11, 12, 0, 0, '2024-08-12 07:19:20', '2024-08-12 07:19:20'),
(1491, 6, 12, 12, 0, 0, '2024-08-12 07:19:20', '2024-08-12 07:19:20'),
(1492, 6, 9, 13, 0, 0, '2024-08-12 07:19:20', '2024-08-12 07:19:20'),
(1493, 6, 10, 13, 0, 0, '2024-08-12 07:19:20', '2024-08-12 07:19:20'),
(1494, 6, 11, 13, 0, 0, '2024-08-12 07:19:20', '2024-08-12 07:19:20'),
(1495, 6, 12, 13, 0, 0, '2024-08-12 07:19:20', '2024-08-12 07:19:20'),
(1496, 7, 9, 1, 0, 0, '2024-08-12 07:19:20', '2024-08-12 07:19:20'),
(1497, 7, 10, 1, 0, 0, '2024-08-12 07:19:20', '2024-08-12 07:19:20'),
(1498, 7, 11, 1, 0, 0, '2024-08-12 07:19:20', '2024-08-12 07:19:20'),
(1499, 7, 12, 1, 0, 0, '2024-08-12 07:19:20', '2024-08-12 07:19:20'),
(1500, 7, 9, 2, 0, 0, '2024-08-12 07:19:20', '2024-08-12 07:19:20'),
(1501, 7, 10, 2, 0, 0, '2024-08-12 07:19:20', '2024-08-12 07:19:20'),
(1502, 7, 11, 2, 0, 0, '2024-08-12 07:19:20', '2024-08-12 07:19:20'),
(1503, 7, 12, 2, 0, 0, '2024-08-12 07:19:20', '2024-08-12 07:19:20'),
(1504, 7, 9, 3, 0, 0, '2024-08-12 07:19:20', '2024-08-12 07:19:20'),
(1505, 7, 10, 3, 0, 0, '2024-08-12 07:19:20', '2024-08-12 07:19:20'),
(1506, 7, 11, 3, 0, 0, '2024-08-12 07:19:20', '2024-08-12 07:19:20'),
(1507, 7, 12, 3, 0, 0, '2024-08-12 07:19:20', '2024-08-12 07:19:20'),
(1508, 7, 9, 4, 0, 0, '2024-08-12 07:19:20', '2024-08-12 07:19:20'),
(1509, 7, 10, 4, 0, 0, '2024-08-12 07:19:20', '2024-08-12 07:19:20'),
(1510, 7, 11, 4, 0, 0, '2024-08-12 07:19:20', '2024-08-12 07:19:20'),
(1511, 7, 12, 4, 0, 0, '2024-08-12 07:19:20', '2024-08-12 07:19:20'),
(1512, 7, 9, 5, 0, 0, '2024-08-12 07:19:20', '2024-08-12 07:19:20'),
(1513, 7, 10, 5, 0, 0, '2024-08-12 07:19:20', '2024-08-12 07:19:20'),
(1514, 7, 11, 5, 0, 0, '2024-08-12 07:19:20', '2024-08-12 07:19:20'),
(1515, 7, 12, 5, 0, 0, '2024-08-12 07:19:20', '2024-08-12 07:19:20'),
(1516, 7, 9, 6, 0, 0, '2024-08-12 07:19:20', '2024-08-12 07:19:20'),
(1517, 7, 10, 6, 0, 0, '2024-08-12 07:19:20', '2024-08-12 07:19:20'),
(1518, 7, 11, 6, 0, 0, '2024-08-12 07:19:20', '2024-08-12 07:19:20'),
(1519, 7, 12, 6, 0, 0, '2024-08-12 07:19:20', '2024-08-12 07:19:20'),
(1520, 7, 9, 7, 0, 0, '2024-08-12 07:19:21', '2024-08-12 07:19:21'),
(1521, 7, 10, 7, 0, 0, '2024-08-12 07:19:21', '2024-08-12 07:19:21'),
(1522, 7, 11, 7, 0, 0, '2024-08-12 07:19:21', '2024-08-12 07:19:21'),
(1523, 7, 12, 7, 0, 0, '2024-08-12 07:19:21', '2024-08-12 07:19:21'),
(1524, 7, 9, 8, 0, 0, '2024-08-12 07:19:21', '2024-08-12 07:19:21'),
(1525, 7, 10, 8, 0, 0, '2024-08-12 07:19:21', '2024-08-12 07:19:21'),
(1526, 7, 11, 8, 0, 0, '2024-08-12 07:19:21', '2024-08-12 07:19:21'),
(1527, 7, 12, 8, 0, 0, '2024-08-12 07:19:21', '2024-08-12 07:19:21'),
(1528, 7, 9, 9, 0, 0, '2024-08-12 07:19:21', '2024-08-12 07:19:21'),
(1529, 7, 10, 9, 0, 0, '2024-08-12 07:19:21', '2024-08-12 07:19:21'),
(1530, 7, 11, 9, 0, 0, '2024-08-12 07:19:21', '2024-08-12 07:19:21'),
(1531, 7, 12, 9, 0, 0, '2024-08-12 07:19:21', '2024-08-12 07:19:21'),
(1532, 7, 9, 10, 0, 0, '2024-08-12 07:19:21', '2024-08-12 07:19:21'),
(1533, 7, 10, 10, 0, 0, '2024-08-12 07:19:21', '2024-08-12 07:19:21'),
(1534, 7, 11, 10, 0, 0, '2024-08-12 07:19:21', '2024-08-12 07:19:21'),
(1535, 7, 12, 10, 0, 0, '2024-08-12 07:19:21', '2024-08-12 07:19:21'),
(1536, 7, 9, 11, 0, 0, '2024-08-12 07:19:21', '2024-08-12 07:19:21'),
(1537, 7, 10, 11, 0, 0, '2024-08-12 07:19:21', '2024-08-12 07:19:21'),
(1538, 7, 11, 11, 0, 0, '2024-08-12 07:19:21', '2024-08-12 07:19:21'),
(1539, 7, 12, 11, 0, 0, '2024-08-12 07:19:21', '2024-08-12 07:19:21'),
(1540, 7, 9, 12, 0, 0, '2024-08-12 07:19:21', '2024-08-12 07:19:21'),
(1541, 7, 10, 12, 0, 0, '2024-08-12 07:19:21', '2024-08-12 07:19:21'),
(1542, 7, 11, 12, 0, 0, '2024-08-12 07:19:21', '2024-08-12 07:19:21'),
(1543, 7, 12, 12, 0, 0, '2024-08-12 07:19:21', '2024-08-12 07:19:21'),
(1544, 7, 9, 13, 0, 0, '2024-08-12 07:19:21', '2024-08-12 07:19:21'),
(1545, 7, 10, 13, 0, 0, '2024-08-12 07:19:21', '2024-08-12 07:19:21'),
(1546, 7, 11, 13, 0, 0, '2024-08-12 07:19:21', '2024-08-12 07:19:21'),
(1547, 7, 12, 13, 0, 0, '2024-08-12 07:19:21', '2024-08-12 07:19:21'),
(1548, 6, 13, 1, 0, 0, '2024-08-12 07:19:22', '2024-08-12 07:19:22'),
(1549, 6, 14, 1, 0, 0, '2024-08-12 07:19:22', '2024-08-12 07:19:22'),
(1550, 6, 15, 1, 0, 0, '2024-08-12 07:19:22', '2024-08-12 07:19:22'),
(1551, 6, 13, 2, 0, 0, '2024-08-12 07:19:22', '2024-08-12 07:19:22'),
(1552, 6, 14, 2, 0, 0, '2024-08-12 07:19:22', '2024-08-12 07:19:22'),
(1553, 6, 15, 2, 0, 0, '2024-08-12 07:19:22', '2024-08-12 07:19:22'),
(1554, 6, 13, 3, 0, 0, '2024-08-12 07:19:22', '2024-08-12 07:19:22'),
(1555, 6, 14, 3, 0, 0, '2024-08-12 07:19:22', '2024-08-12 07:19:22'),
(1556, 6, 15, 3, 0, 0, '2024-08-12 07:19:22', '2024-08-12 07:19:22'),
(1557, 6, 13, 4, 0, 0, '2024-08-12 07:19:22', '2024-08-12 07:19:22'),
(1558, 6, 14, 4, 0, 0, '2024-08-12 07:19:22', '2024-08-12 07:19:22'),
(1559, 6, 15, 4, 0, 0, '2024-08-12 07:19:22', '2024-08-12 07:19:22'),
(1560, 6, 13, 5, 0, 0, '2024-08-12 07:19:22', '2024-08-12 07:19:22'),
(1561, 6, 14, 5, 0, 0, '2024-08-12 07:19:22', '2024-08-12 07:19:22'),
(1562, 6, 15, 5, 0, 0, '2024-08-12 07:19:22', '2024-08-12 07:19:22'),
(1563, 6, 13, 6, 0, 0, '2024-08-12 07:19:22', '2024-08-12 07:19:22'),
(1564, 6, 14, 6, 0, 0, '2024-08-12 07:19:22', '2024-08-12 07:19:22'),
(1565, 6, 15, 6, 0, 0, '2024-08-12 07:19:22', '2024-08-12 07:19:22'),
(1566, 6, 13, 7, 0, 0, '2024-08-12 07:19:22', '2024-08-12 07:19:22'),
(1567, 6, 14, 7, 0, 0, '2024-08-12 07:19:22', '2024-08-12 07:19:22'),
(1568, 6, 15, 7, 0, 0, '2024-08-12 07:19:22', '2024-08-12 07:19:22'),
(1569, 6, 13, 8, 0, 0, '2024-08-12 07:19:22', '2024-08-12 07:19:22'),
(1570, 6, 14, 8, 0, 0, '2024-08-12 07:19:22', '2024-08-12 07:19:22'),
(1571, 6, 15, 8, 0, 0, '2024-08-12 07:19:22', '2024-08-12 07:19:22'),
(1572, 6, 13, 9, 0, 0, '2024-08-12 07:19:22', '2024-08-12 07:19:22'),
(1573, 6, 14, 9, 0, 0, '2024-08-12 07:19:22', '2024-08-12 07:19:22'),
(1574, 6, 15, 9, 0, 0, '2024-08-12 07:19:22', '2024-08-12 07:19:22'),
(1575, 6, 13, 10, 0, 0, '2024-08-12 07:19:22', '2024-08-12 07:19:22'),
(1576, 6, 14, 10, 0, 0, '2024-08-12 07:19:22', '2024-08-12 07:19:22'),
(1577, 6, 15, 10, 0, 0, '2024-08-12 07:19:22', '2024-08-12 07:19:22'),
(1578, 6, 13, 11, 0, 0, '2024-08-12 07:19:22', '2024-08-12 07:19:22'),
(1579, 6, 14, 11, 0, 0, '2024-08-12 07:19:22', '2024-08-12 07:19:22'),
(1580, 6, 15, 11, 0, 0, '2024-08-12 07:19:22', '2024-08-12 07:19:22'),
(1581, 6, 13, 12, 0, 0, '2024-08-12 07:19:22', '2024-08-12 07:19:22'),
(1582, 6, 14, 12, 0, 0, '2024-08-12 07:19:22', '2024-08-12 07:19:22'),
(1583, 6, 15, 12, 0, 0, '2024-08-12 07:19:22', '2024-08-12 07:19:22'),
(1584, 6, 13, 13, 0, 0, '2024-08-12 07:19:22', '2024-08-12 07:19:22'),
(1585, 6, 14, 13, 0, 0, '2024-08-12 07:19:22', '2024-08-12 07:19:22'),
(1586, 6, 15, 13, 0, 0, '2024-08-12 07:19:22', '2024-08-12 07:19:22'),
(1587, 7, 13, 1, 0, 0, '2024-08-12 07:19:22', '2024-08-12 07:19:22'),
(1588, 7, 14, 1, 0, 0, '2024-08-12 07:19:22', '2024-08-12 07:19:22'),
(1589, 7, 15, 1, 0, 0, '2024-08-12 07:19:22', '2024-08-12 07:19:22'),
(1590, 7, 13, 2, 0, 0, '2024-08-12 07:19:22', '2024-08-12 07:19:22'),
(1591, 7, 14, 2, 0, 0, '2024-08-12 07:19:23', '2024-08-12 07:19:23'),
(1592, 7, 15, 2, 0, 0, '2024-08-12 07:19:23', '2024-08-12 07:19:23'),
(1593, 7, 13, 3, 0, 0, '2024-08-12 07:19:23', '2024-08-12 07:19:23'),
(1594, 7, 14, 3, 0, 0, '2024-08-12 07:19:23', '2024-08-12 07:19:23'),
(1595, 7, 15, 3, 0, 0, '2024-08-12 07:19:23', '2024-08-12 07:19:23'),
(1596, 7, 13, 4, 0, 0, '2024-08-12 07:19:23', '2024-08-12 07:19:23'),
(1597, 7, 14, 4, 0, 0, '2024-08-12 07:19:23', '2024-08-12 07:19:23'),
(1598, 7, 15, 4, 0, 0, '2024-08-12 07:19:23', '2024-08-12 07:19:23'),
(1599, 7, 13, 5, 0, 0, '2024-08-12 07:19:23', '2024-08-12 07:19:23'),
(1600, 7, 14, 5, 0, 0, '2024-08-12 07:19:23', '2024-08-12 07:19:23'),
(1601, 7, 15, 5, 0, 0, '2024-08-12 07:19:23', '2024-08-12 07:19:23'),
(1602, 7, 13, 6, 0, 0, '2024-08-12 07:19:23', '2024-08-12 07:19:23'),
(1603, 7, 14, 6, 0, 0, '2024-08-12 07:19:23', '2024-08-12 07:19:23'),
(1604, 7, 15, 6, 0, 0, '2024-08-12 07:19:23', '2024-08-12 07:19:23'),
(1605, 7, 13, 7, 0, 0, '2024-08-12 07:19:23', '2024-08-12 07:19:23'),
(1606, 7, 14, 7, 0, 0, '2024-08-12 07:19:23', '2024-08-12 07:19:23'),
(1607, 7, 15, 7, 0, 0, '2024-08-12 07:19:23', '2024-08-12 07:19:23'),
(1608, 7, 13, 8, 0, 0, '2024-08-12 07:19:23', '2024-08-12 07:19:23'),
(1609, 7, 14, 8, 0, 0, '2024-08-12 07:19:23', '2024-08-12 07:19:23'),
(1610, 7, 15, 8, 0, 0, '2024-08-12 07:19:23', '2024-08-12 07:19:23'),
(1611, 7, 13, 9, 0, 0, '2024-08-12 07:19:23', '2024-08-12 07:19:23'),
(1612, 7, 14, 9, 0, 0, '2024-08-12 07:19:23', '2024-08-12 07:19:23'),
(1613, 7, 15, 9, 0, 0, '2024-08-12 07:19:23', '2024-08-12 07:19:23'),
(1614, 7, 13, 10, 0, 0, '2024-08-12 07:19:23', '2024-08-12 07:19:23'),
(1615, 7, 14, 10, 0, 0, '2024-08-12 07:19:23', '2024-08-12 07:19:23'),
(1616, 7, 15, 10, 0, 0, '2024-08-12 07:19:23', '2024-08-12 07:19:23'),
(1617, 7, 13, 11, 0, 0, '2024-08-12 07:19:23', '2024-08-12 07:19:23'),
(1618, 7, 14, 11, 0, 0, '2024-08-12 07:19:23', '2024-08-12 07:19:23'),
(1619, 7, 15, 11, 0, 0, '2024-08-12 07:19:23', '2024-08-12 07:19:23'),
(1620, 7, 13, 12, 0, 0, '2024-08-12 07:19:23', '2024-08-12 07:19:23'),
(1621, 7, 14, 12, 0, 0, '2024-08-12 07:19:23', '2024-08-12 07:19:23'),
(1622, 7, 15, 12, 0, 0, '2024-08-12 07:19:23', '2024-08-12 07:19:23'),
(1623, 7, 13, 13, 0, 0, '2024-08-12 07:19:23', '2024-08-12 07:19:23'),
(1624, 7, 14, 13, 0, 0, '2024-08-12 07:19:23', '2024-08-12 07:19:23'),
(1625, 7, 15, 13, 0, 0, '2024-08-12 07:19:23', '2024-08-12 07:19:23'),
(1626, 6, 17, 1, 0, 0, '2024-08-12 07:19:24', '2024-08-12 07:19:24'),
(1627, 6, 18, 1, 0, 0, '2024-08-12 07:19:24', '2024-08-12 07:19:24'),
(1628, 6, 19, 1, 0, 0, '2024-08-12 07:19:24', '2024-08-12 07:19:24'),
(1629, 6, 20, 1, 0, 0, '2024-08-12 07:19:24', '2024-08-12 07:19:24'),
(1630, 6, 17, 2, 0, 0, '2024-08-12 07:19:24', '2024-08-12 07:19:24'),
(1631, 6, 18, 2, 0, 0, '2024-08-12 07:19:24', '2024-08-12 07:19:24'),
(1632, 6, 19, 2, 0, 0, '2024-08-12 07:19:24', '2024-08-12 07:19:24'),
(1633, 6, 20, 2, 0, 0, '2024-08-12 07:19:24', '2024-08-12 07:19:24'),
(1634, 6, 17, 3, 0, 0, '2024-08-12 07:19:24', '2024-08-12 07:19:24'),
(1635, 6, 18, 3, 0, 0, '2024-08-12 07:19:24', '2024-08-12 07:19:24'),
(1636, 6, 19, 3, 0, 0, '2024-08-12 07:19:24', '2024-08-12 07:19:24'),
(1637, 6, 20, 3, 0, 0, '2024-08-12 07:19:24', '2024-08-12 07:19:24'),
(1638, 6, 17, 4, 0, 0, '2024-08-12 07:19:24', '2024-08-12 07:19:24'),
(1639, 6, 18, 4, 0, 0, '2024-08-12 07:19:24', '2024-08-12 07:19:24'),
(1640, 6, 19, 4, 0, 0, '2024-08-12 07:19:24', '2024-08-12 07:19:24'),
(1641, 6, 20, 4, 0, 0, '2024-08-12 07:19:24', '2024-08-12 07:19:24'),
(1642, 6, 17, 5, 0, 0, '2024-08-12 07:19:24', '2024-08-12 07:19:24'),
(1643, 6, 18, 5, 0, 0, '2024-08-12 07:19:24', '2024-08-12 07:19:24'),
(1644, 6, 19, 5, 0, 0, '2024-08-12 07:19:24', '2024-08-12 07:19:24'),
(1645, 6, 20, 5, 0, 0, '2024-08-12 07:19:24', '2024-08-12 07:19:24'),
(1646, 6, 17, 6, 0, 0, '2024-08-12 07:19:24', '2024-08-12 07:19:24'),
(1647, 6, 18, 6, 0, 0, '2024-08-12 07:19:25', '2024-08-12 07:19:25'),
(1648, 6, 19, 6, 0, 0, '2024-08-12 07:19:25', '2024-08-12 07:19:25'),
(1649, 6, 20, 6, 0, 0, '2024-08-12 07:19:25', '2024-08-12 07:19:25'),
(1650, 6, 17, 7, 0, 0, '2024-08-12 07:19:25', '2024-08-12 07:19:25'),
(1651, 6, 18, 7, 0, 0, '2024-08-12 07:19:25', '2024-08-12 07:19:25'),
(1652, 6, 19, 7, 0, 0, '2024-08-12 07:19:25', '2024-08-12 07:19:25'),
(1653, 6, 20, 7, 0, 0, '2024-08-12 07:19:25', '2024-08-12 07:19:25'),
(1654, 6, 17, 8, 0, 0, '2024-08-12 07:19:25', '2024-08-12 07:19:25'),
(1655, 6, 18, 8, 0, 0, '2024-08-12 07:19:25', '2024-08-12 07:19:25'),
(1656, 6, 19, 8, 0, 0, '2024-08-12 07:19:25', '2024-08-12 07:19:25'),
(1657, 6, 20, 8, 0, 0, '2024-08-12 07:19:25', '2024-08-12 07:19:25'),
(1658, 6, 17, 9, 0, 0, '2024-08-12 07:19:25', '2024-08-12 07:19:25'),
(1659, 6, 18, 9, 0, 0, '2024-08-12 07:19:25', '2024-08-12 07:19:25'),
(1660, 6, 19, 9, 0, 0, '2024-08-12 07:19:25', '2024-08-12 07:19:25'),
(1661, 6, 20, 9, 0, 0, '2024-08-12 07:19:25', '2024-08-12 07:19:25'),
(1662, 6, 17, 10, 0, 0, '2024-08-12 07:19:25', '2024-08-12 07:19:25'),
(1663, 6, 18, 10, 0, 0, '2024-08-12 07:19:25', '2024-08-12 07:19:25'),
(1664, 6, 19, 10, 0, 0, '2024-08-12 07:19:25', '2024-08-12 07:19:25'),
(1665, 6, 20, 10, 0, 0, '2024-08-12 07:19:25', '2024-08-12 07:19:25'),
(1666, 6, 17, 11, 0, 0, '2024-08-12 07:19:25', '2024-08-12 07:19:25'),
(1667, 6, 18, 11, 0, 0, '2024-08-12 07:19:25', '2024-08-12 07:19:25'),
(1668, 6, 19, 11, 0, 0, '2024-08-12 07:19:25', '2024-08-12 07:19:25'),
(1669, 6, 20, 11, 0, 0, '2024-08-12 07:19:25', '2024-08-12 07:19:25'),
(1670, 6, 17, 12, 0, 0, '2024-08-12 07:19:25', '2024-08-12 07:19:25'),
(1671, 6, 18, 12, 0, 0, '2024-08-12 07:19:25', '2024-08-12 07:19:25'),
(1672, 6, 19, 12, 0, 0, '2024-08-12 07:19:25', '2024-08-12 07:19:25'),
(1673, 6, 20, 12, 0, 0, '2024-08-12 07:19:25', '2024-08-12 07:19:25'),
(1674, 6, 17, 13, 0, 0, '2024-08-12 07:19:25', '2024-08-12 07:19:25'),
(1675, 6, 18, 13, 0, 0, '2024-08-12 07:19:25', '2024-08-12 07:19:25'),
(1676, 6, 19, 13, 0, 0, '2024-08-12 07:19:25', '2024-08-12 07:19:25'),
(1677, 6, 20, 13, 0, 0, '2024-08-12 07:19:25', '2024-08-12 07:19:25'),
(1678, 7, 17, 1, 0, 0, '2024-08-12 07:19:25', '2024-08-12 07:19:25'),
(1679, 7, 18, 1, 0, 0, '2024-08-12 07:19:25', '2024-08-12 07:19:25'),
(1680, 7, 19, 1, 0, 0, '2024-08-12 07:19:25', '2024-08-12 07:19:25'),
(1681, 7, 20, 1, 0, 0, '2024-08-12 07:19:25', '2024-08-12 07:19:25'),
(1682, 7, 17, 2, 0, 0, '2024-08-12 07:19:25', '2024-08-12 07:19:25'),
(1683, 7, 18, 2, 0, 0, '2024-08-12 07:19:25', '2024-08-12 07:19:25'),
(1684, 7, 19, 2, 0, 0, '2024-08-12 07:19:25', '2024-08-12 07:19:25'),
(1685, 7, 20, 2, 0, 0, '2024-08-12 07:19:25', '2024-08-12 07:19:25'),
(1686, 7, 17, 3, 0, 0, '2024-08-12 07:19:25', '2024-08-12 07:19:25'),
(1687, 7, 18, 3, 0, 0, '2024-08-12 07:19:25', '2024-08-12 07:19:25'),
(1688, 7, 19, 3, 0, 0, '2024-08-12 07:19:25', '2024-08-12 07:19:25'),
(1689, 7, 20, 3, 0, 0, '2024-08-12 07:19:25', '2024-08-12 07:19:25'),
(1690, 7, 17, 4, 0, 0, '2024-08-12 07:19:25', '2024-08-12 07:19:25'),
(1691, 7, 18, 4, 0, 0, '2024-08-12 07:19:25', '2024-08-12 07:19:25'),
(1692, 7, 19, 4, 0, 0, '2024-08-12 07:19:25', '2024-08-12 07:19:25'),
(1693, 7, 20, 4, 0, 0, '2024-08-12 07:19:25', '2024-08-12 07:19:25'),
(1694, 7, 17, 5, 0, 0, '2024-08-12 07:19:25', '2024-08-12 07:19:25'),
(1695, 7, 18, 5, 0, 0, '2024-08-12 07:19:25', '2024-08-12 07:19:25'),
(1696, 7, 19, 5, 0, 0, '2024-08-12 07:19:25', '2024-08-12 07:19:25'),
(1697, 7, 20, 5, 0, 0, '2024-08-12 07:19:25', '2024-08-12 07:19:25'),
(1698, 7, 17, 6, 0, 0, '2024-08-12 07:19:25', '2024-08-12 07:19:25'),
(1699, 7, 18, 6, 0, 0, '2024-08-12 07:19:25', '2024-08-12 07:19:25'),
(1700, 7, 19, 6, 0, 0, '2024-08-12 07:19:25', '2024-08-12 07:19:25'),
(1701, 7, 20, 6, 0, 0, '2024-08-12 07:19:25', '2024-08-12 07:19:25'),
(1702, 7, 17, 7, 0, 0, '2024-08-12 07:19:25', '2024-08-12 07:19:25'),
(1703, 7, 18, 7, 0, 0, '2024-08-12 07:19:25', '2024-08-12 07:19:25'),
(1704, 7, 19, 7, 0, 0, '2024-08-12 07:19:25', '2024-08-12 07:19:25'),
(1705, 7, 20, 7, 0, 0, '2024-08-12 07:19:25', '2024-08-12 07:19:25'),
(1706, 7, 17, 8, 0, 0, '2024-08-12 07:19:25', '2024-08-12 07:19:25'),
(1707, 7, 18, 8, 0, 0, '2024-08-12 07:19:25', '2024-08-12 07:19:25'),
(1708, 7, 19, 8, 0, 0, '2024-08-12 07:19:25', '2024-08-12 07:19:25'),
(1709, 7, 20, 8, 0, 0, '2024-08-12 07:19:25', '2024-08-12 07:19:25'),
(1710, 7, 17, 9, 0, 0, '2024-08-12 07:19:25', '2024-08-12 07:19:25'),
(1711, 7, 18, 9, 0, 0, '2024-08-12 07:19:25', '2024-08-12 07:19:25'),
(1712, 7, 19, 9, 0, 0, '2024-08-12 07:19:25', '2024-08-12 07:19:25'),
(1713, 7, 20, 9, 0, 0, '2024-08-12 07:19:25', '2024-08-12 07:19:25'),
(1714, 7, 17, 10, 0, 0, '2024-08-12 07:19:25', '2024-08-12 07:19:25'),
(1715, 7, 18, 10, 0, 0, '2024-08-12 07:19:26', '2024-08-12 07:19:26'),
(1716, 7, 19, 10, 0, 0, '2024-08-12 07:19:26', '2024-08-12 07:19:26'),
(1717, 7, 20, 10, 0, 0, '2024-08-12 07:19:26', '2024-08-12 07:19:26'),
(1718, 7, 17, 11, 0, 0, '2024-08-12 07:19:26', '2024-08-12 07:19:26'),
(1719, 7, 18, 11, 0, 0, '2024-08-12 07:19:26', '2024-08-12 07:19:26'),
(1720, 7, 19, 11, 0, 0, '2024-08-12 07:19:26', '2024-08-12 07:19:26'),
(1721, 7, 20, 11, 0, 0, '2024-08-12 07:19:26', '2024-08-12 07:19:26'),
(1722, 7, 17, 12, 0, 0, '2024-08-12 07:19:26', '2024-08-12 07:19:26'),
(1723, 7, 18, 12, 0, 0, '2024-08-12 07:19:26', '2024-08-12 07:19:26'),
(1724, 7, 19, 12, 0, 0, '2024-08-12 07:19:26', '2024-08-12 07:19:26'),
(1725, 7, 20, 12, 0, 0, '2024-08-12 07:19:26', '2024-08-12 07:19:26'),
(1726, 7, 17, 13, 0, 0, '2024-08-12 07:19:26', '2024-08-12 07:19:26'),
(1727, 7, 18, 13, 0, 0, '2024-08-12 07:19:26', '2024-08-12 07:19:26'),
(1728, 7, 19, 13, 0, 0, '2024-08-12 07:19:26', '2024-08-12 07:19:26'),
(1729, 7, 20, 13, 0, 0, '2024-08-12 07:19:26', '2024-08-12 07:19:26');

-- --------------------------------------------------------

--
-- Table structure for table `teams`
--

CREATE TABLE `teams` (
  `id` tinyint(3) UNSIGNED NOT NULL,
  `number` tinyint(4) NOT NULL DEFAULT 0,
  `name` varchar(255) NOT NULL,
  `location` varchar(32) NOT NULL,
  `avatar` varchar(255) DEFAULT NULL,
  `created_at` timestamp NOT NULL DEFAULT current_timestamp(),
  `updated_at` timestamp NOT NULL DEFAULT current_timestamp() ON UPDATE current_timestamp()
) ENGINE=InnoDB DEFAULT CHARSET=utf8mb4 COLLATE=utf8mb4_general_ci;

--
-- Dumping data for table `teams`
--

INSERT INTO `teams` (`id`, `number`, `name`, `location`, `avatar`, `created_at`, `updated_at`) VALUES
(1, 1, 'Josel Ramirez', 'San Miguel, Nabua', '01-josel-ramirez.jpg', '2024-08-12 06:28:51', '2024-08-12 06:43:01'),
(2, 2, 'Red Vasquez', 'La Purisima, Nabua', '02-red-vasquez.jpg', '2024-08-12 06:30:58', '2024-08-12 06:42:41'),
(3, 3, 'Leslie Ivan Erlano', 'Santiago Young, Nabua', '03-leslie-ivan-erlano.jpg', '2024-08-12 06:31:25', '2024-08-12 06:42:28'),
(4, 4, 'Noel Laada', 'Sta. Cruz, Nabua', '04-noel-laada.jpg', '2024-08-12 06:31:49', '2024-08-12 06:42:15'),
(5, 5, 'Edmund Morillo', 'La Opinion, Nabua', '05-edmund-morillo.jpg', '2024-08-12 06:32:11', '2024-08-12 06:42:02'),
(6, 6, 'Gian paulo rabusa', 'Santiago Young, Nabua', '06-gian-paolo-rabusa.jpg', '2024-08-12 06:32:40', '2024-08-12 06:41:44'),
(7, 7, 'patricia anne carina', 'San Jose, Nabua', '07-patricia-anne-carina.jpg', '2024-08-12 06:33:03', '2024-08-12 06:41:14'),
(8, 8, 'michelle obama', 'San Esteban, Nabua', '\n08-michelle-obama.jpg', '2024-08-12 06:33:19', '2024-08-12 06:40:58'),
(9, 9, 'michaela micay', 'Sta Cruz, Nabua', '09-michaela-micay.jpg', '2024-08-12 06:33:43', '2024-08-12 06:40:44'),
(10, 10, 'margaux xoxy', 'Sta. Barbara, Nabua', '10-margaux-xoxy.jpg', '2024-08-12 06:34:03', '2024-08-12 06:37:11'),
(11, 11, 'winsy pesebre', 'Lourdes Young, Nabua', '11-winsy-pesebre.jpg', '2024-08-12 06:34:34', '2024-08-12 06:43:27'),
(12, 12, 'rona arevalo', 'Sto. Domingo, Nabua', '12-rona-arevalo.jpg', '2024-08-12 06:34:53', '2024-08-12 06:36:24'),
(13, 13, 'maria zuzete', 'San Roque Madawon, Nabua', '13-maria-zuzete.jpg', '2024-08-12 06:35:13', '2024-08-12 06:35:50');

-- --------------------------------------------------------

--
-- Table structure for table `technicals`
--

CREATE TABLE `technicals` (
  `id` tinyint(3) UNSIGNED NOT NULL,
  `number` tinyint(3) UNSIGNED NOT NULL,
  `name` varchar(255) NOT NULL,
  `avatar` varchar(255) DEFAULT NULL,
  `username` varchar(255) NOT NULL,
  `password` varchar(255) NOT NULL,
  `active_portion` varchar(255) DEFAULT NULL,
  `called_at` timestamp NULL DEFAULT NULL,
  `pinged_at` timestamp NULL DEFAULT NULL,
  `created_at` timestamp NOT NULL DEFAULT current_timestamp(),
  `updated_at` timestamp NOT NULL DEFAULT current_timestamp() ON UPDATE current_timestamp()
) ENGINE=InnoDB DEFAULT CHARSET=utf8mb4 COLLATE=utf8mb4_general_ci;

--
-- Dumping data for table `technicals`
--

INSERT INTO `technicals` (`id`, `number`, `name`, `avatar`, `username`, `password`, `active_portion`, `called_at`, `pinged_at`, `created_at`, `updated_at`) VALUES
(1, 1, 'Technical 01', 'no-avatar.jpg', 'technical01', 'technical01', '', NULL, '2024-08-12 14:41:11', '2023-02-19 08:58:58', '2024-08-12 14:41:11');

-- --------------------------------------------------------

--
-- Table structure for table `technical_event`
--

CREATE TABLE `technical_event` (
  `id` tinyint(3) UNSIGNED NOT NULL,
  `technical_id` tinyint(3) UNSIGNED NOT NULL,
  `event_id` smallint(5) UNSIGNED NOT NULL,
  `active_team_id` tinyint(3) UNSIGNED NOT NULL,
  `has_active_team` tinyint(1) NOT NULL DEFAULT 0,
  `created_at` timestamp NOT NULL DEFAULT current_timestamp(),
  `updated_at` timestamp NOT NULL DEFAULT current_timestamp() ON UPDATE current_timestamp()
) ENGINE=InnoDB DEFAULT CHARSET=utf8mb4 COLLATE=utf8mb4_general_ci;

-- --------------------------------------------------------

--
-- Table structure for table `titles`
--

CREATE TABLE `titles` (
  `id` smallint(5) UNSIGNED NOT NULL,
  `event_id` smallint(5) UNSIGNED NOT NULL,
  `rank` tinyint(3) UNSIGNED NOT NULL DEFAULT 1,
  `title` varchar(255) NOT NULL,
  `created_at` timestamp NOT NULL DEFAULT current_timestamp(),
  `updated_at` timestamp NOT NULL DEFAULT current_timestamp() ON UPDATE current_timestamp()
) ENGINE=InnoDB DEFAULT CHARSET=utf8mb4 COLLATE=utf8mb4_general_ci;

--
-- Dumping data for table `titles`
--

INSERT INTO `titles` (`id`, `event_id`, `rank`, `title`, `created_at`, `updated_at`) VALUES
(1, 1, 1, 'Best in Production Number ', '2023-04-07 05:09:18', '2024-08-12 14:36:06'),
(2, 2, 1, 'Best in Production Attire', '2023-04-07 05:09:49', '2024-08-12 07:11:15'),
(3, 3, 1, 'Best in Swimsuit', '2023-04-07 05:10:14', '2024-08-12 07:11:23'),
(4, 4, 1, '', '2023-04-07 05:10:42', '2024-08-12 07:11:48'),
(5, 5, 1, 'Best in Long Gown', '2023-04-07 05:11:28', '2024-08-12 07:11:56'),
(6, 5, 2, '', '2023-04-07 05:11:47', '2024-08-12 07:11:51'),
(7, 5, 3, '', '2023-04-07 05:12:12', '2024-08-12 07:11:45'),
(8, 5, 4, '', '2023-04-07 05:12:47', '2024-08-12 07:11:37'),
(9, 5, 5, '', '2023-04-07 05:13:01', '2024-08-12 07:11:34'),
(10, 1, 2, '', '2024-08-12 05:35:34', '2024-08-12 05:35:34'),
(11, 1, 3, '', '2024-08-12 05:35:34', '2024-08-12 05:35:34'),
(12, 1, 4, '', '2024-08-12 05:35:34', '2024-08-12 05:35:34'),
(13, 1, 5, '', '2024-08-12 05:35:34', '2024-08-12 05:35:34'),
(14, 1, 6, '', '2024-08-12 05:35:34', '2024-08-12 05:35:34'),
(15, 1, 7, '', '2024-08-12 05:35:34', '2024-08-12 05:35:34'),
(16, 1, 8, '', '2024-08-12 05:35:34', '2024-08-12 05:35:34'),
(17, 1, 9, '', '2024-08-12 05:35:34', '2024-08-12 05:35:34'),
(18, 1, 10, '', '2024-08-12 05:35:34', '2024-08-12 05:35:34'),
(19, 1, 11, '', '2024-08-12 05:35:34', '2024-08-12 05:35:34'),
(20, 1, 12, '', '2024-08-12 05:35:34', '2024-08-12 05:35:34'),
(21, 2, 2, '', '2024-08-12 05:35:39', '2024-08-12 05:35:39'),
(22, 2, 3, '', '2024-08-12 05:35:39', '2024-08-12 05:35:39'),
(23, 2, 4, '', '2024-08-12 05:35:39', '2024-08-12 05:35:39'),
(24, 2, 5, '', '2024-08-12 05:35:39', '2024-08-12 05:35:39'),
(25, 2, 6, '', '2024-08-12 05:35:39', '2024-08-12 05:35:39'),
(26, 2, 7, '', '2024-08-12 05:35:39', '2024-08-12 05:35:39'),
(27, 2, 8, '', '2024-08-12 05:35:39', '2024-08-12 05:35:39'),
(28, 2, 9, '', '2024-08-12 05:35:39', '2024-08-12 05:35:39'),
(29, 2, 10, '', '2024-08-12 05:35:39', '2024-08-12 05:35:39'),
(30, 2, 11, '', '2024-08-12 05:35:39', '2024-08-12 05:35:39'),
(31, 2, 12, '', '2024-08-12 05:35:39', '2024-08-12 05:35:39'),
(32, 1, 13, '', '2024-08-12 06:35:18', '2024-08-12 06:35:18'),
(33, 2, 13, '', '2024-08-12 06:55:06', '2024-08-12 06:55:06'),
(34, 3, 2, '', '2024-08-12 06:55:11', '2024-08-12 06:55:11'),
(35, 3, 3, '', '2024-08-12 06:55:11', '2024-08-12 06:55:11'),
(36, 3, 4, '', '2024-08-12 06:55:11', '2024-08-12 06:55:11'),
(37, 3, 5, '', '2024-08-12 06:55:11', '2024-08-12 06:55:11'),
(38, 3, 6, '', '2024-08-12 06:55:11', '2024-08-12 06:55:11'),
(39, 3, 7, '', '2024-08-12 06:55:11', '2024-08-12 06:55:11'),
(40, 3, 8, '', '2024-08-12 06:55:11', '2024-08-12 06:55:11'),
(41, 3, 9, '', '2024-08-12 06:55:11', '2024-08-12 06:55:11'),
(42, 3, 10, '', '2024-08-12 06:55:11', '2024-08-12 06:55:11'),
(43, 3, 11, '', '2024-08-12 06:55:11', '2024-08-12 06:55:11'),
(44, 3, 12, '', '2024-08-12 06:55:11', '2024-08-12 06:55:11'),
(45, 3, 13, '', '2024-08-12 06:55:11', '2024-08-12 06:55:11'),
(46, 4, 2, '', '2024-08-12 06:55:16', '2024-08-12 06:55:16'),
(47, 4, 3, '', '2024-08-12 06:55:16', '2024-08-12 06:55:16'),
(48, 4, 4, '', '2024-08-12 06:55:16', '2024-08-12 06:55:16'),
(49, 4, 5, '', '2024-08-12 06:55:16', '2024-08-12 06:55:16'),
(50, 4, 6, '', '2024-08-12 06:55:16', '2024-08-12 06:55:16'),
(51, 4, 7, '', '2024-08-12 06:55:16', '2024-08-12 06:55:16'),
(52, 4, 8, '', '2024-08-12 06:55:16', '2024-08-12 06:55:16'),
(53, 4, 9, '', '2024-08-12 06:55:16', '2024-08-12 06:55:16'),
(54, 4, 10, '', '2024-08-12 06:55:16', '2024-08-12 06:55:16'),
(55, 4, 11, '', '2024-08-12 06:55:16', '2024-08-12 06:55:16'),
(56, 4, 12, '', '2024-08-12 06:55:16', '2024-08-12 06:55:16'),
(57, 4, 13, '', '2024-08-12 06:55:16', '2024-08-12 06:55:16'),
(58, 5, 6, '', '2024-08-12 06:55:18', '2024-08-12 06:55:18'),
(59, 5, 7, '', '2024-08-12 06:55:18', '2024-08-12 06:55:18'),
(60, 5, 8, '', '2024-08-12 06:55:18', '2024-08-12 06:55:18'),
(61, 5, 9, '', '2024-08-12 06:55:18', '2024-08-12 06:55:18'),
(62, 5, 10, '', '2024-08-12 06:55:18', '2024-08-12 06:55:18'),
(63, 5, 11, '', '2024-08-12 06:55:18', '2024-08-12 06:55:18'),
(64, 5, 12, '', '2024-08-12 06:55:18', '2024-08-12 06:55:18'),
(65, 5, 13, '', '2024-08-12 06:55:18', '2024-08-12 06:55:18'),
(66, 6, 1, 'Miss Gay San Roque 2024', '2024-08-12 06:58:08', '2024-08-12 07:12:52'),
(67, 6, 2, 'Miss Gay San Roque Tourism 2024', '2024-08-12 06:58:08', '2024-08-12 07:13:12'),
(68, 6, 3, '1st Runner Up', '2024-08-12 06:58:08', '2024-08-12 07:13:51'),
(69, 6, 4, '2nd Runner Up', '2024-08-12 06:58:08', '2024-08-12 07:13:58'),
(70, 6, 5, '3rd Runner up', '2024-08-12 06:58:08', '2024-08-12 07:14:07'),
(71, 6, 6, '', '2024-08-12 06:58:08', '2024-08-12 06:58:08'),
(72, 6, 7, '', '2024-08-12 06:58:08', '2024-08-12 06:58:08'),
(73, 6, 8, '', '2024-08-12 06:58:08', '2024-08-12 06:58:08'),
(74, 6, 9, '', '2024-08-12 06:58:08', '2024-08-12 06:58:08'),
(75, 6, 10, '', '2024-08-12 06:58:08', '2024-08-12 06:58:08'),
(76, 6, 11, '', '2024-08-12 06:58:08', '2024-08-12 06:58:08'),
(77, 6, 12, '', '2024-08-12 06:58:08', '2024-08-12 06:58:08'),
(78, 6, 13, '', '2024-08-12 06:58:08', '2024-08-12 06:58:08');

--
-- Indexes for dumped tables
--

--
-- Indexes for table `admins`
--
ALTER TABLE `admins`
  ADD PRIMARY KEY (`id`);

--
-- Indexes for table `arrangements`
--
ALTER TABLE `arrangements`
  ADD PRIMARY KEY (`id`),
  ADD KEY `event_id` (`event_id`),
  ADD KEY `team_id` (`team_id`);

--
-- Indexes for table `categories`
--
ALTER TABLE `categories`
  ADD PRIMARY KEY (`id`),
  ADD KEY `competition_id` (`competition_id`);

--
-- Indexes for table `competitions`
--
ALTER TABLE `competitions`
  ADD PRIMARY KEY (`id`);

--
-- Indexes for table `criteria`
--
ALTER TABLE `criteria`
  ADD PRIMARY KEY (`id`),
  ADD KEY `event_id` (`event_id`);

--
-- Indexes for table `deductions`
--
ALTER TABLE `deductions`
  ADD PRIMARY KEY (`id`),
  ADD KEY `judge_id` (`technical_id`),
  ADD KEY `team_id` (`team_id`),
  ADD KEY `event_id` (`event_id`);

--
-- Indexes for table `eliminations`
--
ALTER TABLE `eliminations`
  ADD PRIMARY KEY (`id`),
  ADD KEY `event_id` (`event_id`),
  ADD KEY `team_id` (`team_id`);

--
-- Indexes for table `events`
--
ALTER TABLE `events`
  ADD PRIMARY KEY (`id`),
  ADD KEY `area_id` (`category_id`);

--
-- Indexes for table `judges`
--
ALTER TABLE `judges`
  ADD PRIMARY KEY (`id`);

--
-- Indexes for table `judge_event`
--
ALTER TABLE `judge_event`
  ADD PRIMARY KEY (`id`),
  ADD KEY `judge_id` (`judge_id`),
  ADD KEY `event_id` (`event_id`),
  ADD KEY `active_team_id` (`active_team_id`);

--
-- Indexes for table `noshows`
--
ALTER TABLE `noshows`
  ADD PRIMARY KEY (`id`),
  ADD KEY `event_id` (`event_id`),
  ADD KEY `team_id` (`team_id`);

--
-- Indexes for table `participants`
--
ALTER TABLE `participants`
  ADD PRIMARY KEY (`id`),
  ADD KEY `team_id` (`team_id`),
  ADD KEY `event_id` (`event_id`);

--
-- Indexes for table `points`
--
ALTER TABLE `points`
  ADD PRIMARY KEY (`id`),
  ADD KEY `event_id` (`event_id`);

--
-- Indexes for table `ratings`
--
ALTER TABLE `ratings`
  ADD PRIMARY KEY (`id`),
  ADD KEY `judge_id` (`judge_id`),
  ADD KEY `team_id` (`team_id`),
  ADD KEY `criteria_id` (`criteria_id`);

--
-- Indexes for table `teams`
--
ALTER TABLE `teams`
  ADD PRIMARY KEY (`id`);

--
-- Indexes for table `technicals`
--
ALTER TABLE `technicals`
  ADD PRIMARY KEY (`id`);

--
-- Indexes for table `technical_event`
--
ALTER TABLE `technical_event`
  ADD PRIMARY KEY (`id`),
  ADD KEY `judge_id` (`technical_id`),
  ADD KEY `event_id` (`event_id`),
  ADD KEY `active_team_id` (`active_team_id`);

--
-- Indexes for table `titles`
--
ALTER TABLE `titles`
  ADD PRIMARY KEY (`id`),
  ADD KEY `event_id` (`event_id`);

--
-- AUTO_INCREMENT for dumped tables
--

--
-- AUTO_INCREMENT for table `admins`
--
ALTER TABLE `admins`
  MODIFY `id` tinyint(3) UNSIGNED NOT NULL AUTO_INCREMENT, AUTO_INCREMENT=2;

--
-- AUTO_INCREMENT for table `arrangements`
--
ALTER TABLE `arrangements`
  MODIFY `id` smallint(5) UNSIGNED NOT NULL AUTO_INCREMENT;

--
-- AUTO_INCREMENT for table `categories`
--
ALTER TABLE `categories`
  MODIFY `id` tinyint(3) UNSIGNED NOT NULL AUTO_INCREMENT, AUTO_INCREMENT=2;

--
-- AUTO_INCREMENT for table `competitions`
--
ALTER TABLE `competitions`
  MODIFY `id` tinyint(3) UNSIGNED NOT NULL AUTO_INCREMENT, AUTO_INCREMENT=2;

--
-- AUTO_INCREMENT for table `criteria`
--
ALTER TABLE `criteria`
  MODIFY `id` smallint(5) UNSIGNED NOT NULL AUTO_INCREMENT, AUTO_INCREMENT=23;

--
-- AUTO_INCREMENT for table `deductions`
--
ALTER TABLE `deductions`
  MODIFY `id` mediumint(8) UNSIGNED NOT NULL AUTO_INCREMENT;

--
-- AUTO_INCREMENT for table `eliminations`
--
ALTER TABLE `eliminations`
  MODIFY `id` mediumint(9) NOT NULL AUTO_INCREMENT, AUTO_INCREMENT=29;

--
-- AUTO_INCREMENT for table `events`
--
ALTER TABLE `events`
  MODIFY `id` smallint(5) UNSIGNED NOT NULL AUTO_INCREMENT, AUTO_INCREMENT=7;

--
-- AUTO_INCREMENT for table `judges`
--
ALTER TABLE `judges`
  MODIFY `id` tinyint(3) UNSIGNED NOT NULL AUTO_INCREMENT, AUTO_INCREMENT=8;

--
-- AUTO_INCREMENT for table `judge_event`
--
ALTER TABLE `judge_event`
  MODIFY `id` tinyint(3) UNSIGNED NOT NULL AUTO_INCREMENT, AUTO_INCREMENT=43;

--
-- AUTO_INCREMENT for table `noshows`
--
ALTER TABLE `noshows`
  MODIFY `id` smallint(5) UNSIGNED NOT NULL AUTO_INCREMENT;

--
-- AUTO_INCREMENT for table `participants`
--
ALTER TABLE `participants`
  MODIFY `id` smallint(5) UNSIGNED NOT NULL AUTO_INCREMENT;

--
-- AUTO_INCREMENT for table `points`
--
ALTER TABLE `points`
  MODIFY `id` smallint(5) UNSIGNED NOT NULL AUTO_INCREMENT;

--
-- AUTO_INCREMENT for table `ratings`
--
ALTER TABLE `ratings`
  MODIFY `id` mediumint(8) UNSIGNED NOT NULL AUTO_INCREMENT, AUTO_INCREMENT=1730;

--
-- AUTO_INCREMENT for table `teams`
--
ALTER TABLE `teams`
  MODIFY `id` tinyint(3) UNSIGNED NOT NULL AUTO_INCREMENT, AUTO_INCREMENT=14;

--
-- AUTO_INCREMENT for table `technicals`
--
ALTER TABLE `technicals`
  MODIFY `id` tinyint(3) UNSIGNED NOT NULL AUTO_INCREMENT, AUTO_INCREMENT=2;

--
-- AUTO_INCREMENT for table `technical_event`
--
ALTER TABLE `technical_event`
  MODIFY `id` tinyint(3) UNSIGNED NOT NULL AUTO_INCREMENT;

--
-- AUTO_INCREMENT for table `titles`
--
ALTER TABLE `titles`
  MODIFY `id` smallint(5) UNSIGNED NOT NULL AUTO_INCREMENT, AUTO_INCREMENT=79;

--
-- Constraints for dumped tables
--

--
-- Constraints for table `arrangements`
--
ALTER TABLE `arrangements`
  ADD CONSTRAINT `arrangements_ibfk_1` FOREIGN KEY (`team_id`) REFERENCES `teams` (`id`) ON DELETE CASCADE ON UPDATE CASCADE,
  ADD CONSTRAINT `arrangements_ibfk_2` FOREIGN KEY (`event_id`) REFERENCES `events` (`id`) ON DELETE CASCADE ON UPDATE CASCADE;

--
-- Constraints for table `categories`
--
ALTER TABLE `categories`
  ADD CONSTRAINT `categories_ibfk_1` FOREIGN KEY (`competition_id`) REFERENCES `competitions` (`id`) ON UPDATE CASCADE;

--
-- Constraints for table `criteria`
--
ALTER TABLE `criteria`
  ADD CONSTRAINT `criteria_ibfk_1` FOREIGN KEY (`event_id`) REFERENCES `events` (`id`) ON UPDATE CASCADE;

--
-- Constraints for table `deductions`
--
ALTER TABLE `deductions`
  ADD CONSTRAINT `deductions_ibfk_1` FOREIGN KEY (`event_id`) REFERENCES `events` (`id`) ON DELETE CASCADE ON UPDATE CASCADE,
  ADD CONSTRAINT `deductions_ibfk_2` FOREIGN KEY (`team_id`) REFERENCES `teams` (`id`) ON DELETE CASCADE ON UPDATE CASCADE,
  ADD CONSTRAINT `deductions_ibfk_3` FOREIGN KEY (`technical_id`) REFERENCES `technicals` (`id`) ON DELETE CASCADE ON UPDATE CASCADE;

--
-- Constraints for table `eliminations`
--
ALTER TABLE `eliminations`
  ADD CONSTRAINT `eliminations_ibfk_1` FOREIGN KEY (`event_id`) REFERENCES `events` (`id`) ON DELETE CASCADE ON UPDATE CASCADE,
  ADD CONSTRAINT `eliminations_ibfk_2` FOREIGN KEY (`team_id`) REFERENCES `teams` (`id`) ON DELETE CASCADE ON UPDATE CASCADE;

--
-- Constraints for table `events`
--
ALTER TABLE `events`
  ADD CONSTRAINT `events_ibfk_1` FOREIGN KEY (`category_id`) REFERENCES `categories` (`id`) ON UPDATE CASCADE;

--
-- Constraints for table `judge_event`
--
ALTER TABLE `judge_event`
  ADD CONSTRAINT `judge_event_ibfk_1` FOREIGN KEY (`judge_id`) REFERENCES `judges` (`id`) ON DELETE CASCADE ON UPDATE CASCADE,
  ADD CONSTRAINT `judge_event_ibfk_2` FOREIGN KEY (`event_id`) REFERENCES `events` (`id`) ON DELETE CASCADE ON UPDATE CASCADE,
  ADD CONSTRAINT `judge_event_ibfk_3` FOREIGN KEY (`active_team_id`) REFERENCES `teams` (`id`) ON DELETE NO ACTION ON UPDATE CASCADE;

--
-- Constraints for table `noshows`
--
ALTER TABLE `noshows`
  ADD CONSTRAINT `noshows_ibfk_1` FOREIGN KEY (`event_id`) REFERENCES `events` (`id`) ON DELETE CASCADE ON UPDATE CASCADE,
  ADD CONSTRAINT `noshows_ibfk_2` FOREIGN KEY (`team_id`) REFERENCES `teams` (`id`) ON DELETE CASCADE ON UPDATE CASCADE;

--
-- Constraints for table `participants`
--
ALTER TABLE `participants`
  ADD CONSTRAINT `participants_ibfk_1` FOREIGN KEY (`team_id`) REFERENCES `teams` (`id`) ON DELETE CASCADE ON UPDATE CASCADE,
  ADD CONSTRAINT `participants_ibfk_2` FOREIGN KEY (`event_id`) REFERENCES `events` (`id`) ON DELETE CASCADE ON UPDATE CASCADE;

--
-- Constraints for table `points`
--
ALTER TABLE `points`
  ADD CONSTRAINT `points_ibfk_1` FOREIGN KEY (`event_id`) REFERENCES `events` (`id`) ON DELETE CASCADE ON UPDATE CASCADE;

--
-- Constraints for table `ratings`
--
ALTER TABLE `ratings`
  ADD CONSTRAINT `ratings_ibfk_1` FOREIGN KEY (`criteria_id`) REFERENCES `criteria` (`id`) ON DELETE CASCADE ON UPDATE CASCADE,
  ADD CONSTRAINT `ratings_ibfk_2` FOREIGN KEY (`team_id`) REFERENCES `teams` (`id`) ON DELETE CASCADE ON UPDATE CASCADE,
  ADD CONSTRAINT `ratings_ibfk_3` FOREIGN KEY (`judge_id`) REFERENCES `judges` (`id`) ON DELETE CASCADE ON UPDATE CASCADE;

--
-- Constraints for table `technical_event`
--
ALTER TABLE `technical_event`
  ADD CONSTRAINT `technical_event_ibfk_2` FOREIGN KEY (`technical_id`) REFERENCES `technicals` (`id`) ON DELETE CASCADE ON UPDATE CASCADE,
  ADD CONSTRAINT `technical_event_ibfk_3` FOREIGN KEY (`event_id`) REFERENCES `events` (`id`) ON DELETE CASCADE ON UPDATE CASCADE,
  ADD CONSTRAINT `technical_event_ibfk_4` FOREIGN KEY (`active_team_id`) REFERENCES `teams` (`id`) ON DELETE NO ACTION ON UPDATE CASCADE;

--
-- Constraints for table `titles`
--
ALTER TABLE `titles`
  ADD CONSTRAINT `titles_ibfk_1` FOREIGN KEY (`event_id`) REFERENCES `events` (`id`) ON DELETE CASCADE ON UPDATE CASCADE;
COMMIT;

/*!40101 SET CHARACTER_SET_CLIENT=@OLD_CHARACTER_SET_CLIENT */;
/*!40101 SET CHARACTER_SET_RESULTS=@OLD_CHARACTER_SET_RESULTS */;
/*!40101 SET COLLATION_CONNECTION=@OLD_COLLATION_CONNECTION */;
